start,end,total_return,n_trades,sharpe,max_drawdown,final_equity,equity_curve,net_ret,daily_metrics,monthly_metrics,win_rate,target_hit_rate,reward_multiple,trade_log
2025-10-01 00:00:00+00:00,2025-12-30 00:00:00+00:00,-0.019429048670503102,43,-1.1089117906280808,-0.0413815096016914,98057.09513294969,"[100000.         101181.63297911 101181.63297911 101181.63297911
 101181.63297911 101181.63297911 101181.63297911 101709.33658406
 101709.33658406 101200.78990114 101200.78990114 100694.78595164
 100694.78595164 100694.78595164 100694.78595164 100694.78595164
 100191.31202188 100191.31202188  99690.35546177  99191.90368446
  98695.94416604  98695.94416604  98202.46444521  98202.46444521
  97711.45212298  97990.40270917  97990.40270917  97500.45069563
  97500.45069563  97500.45069563  97500.45069563  97851.47803171
  98096.10672679  98096.10672679  99567.5483277   99567.5483277
  99816.46719851  99317.38486252  99565.67832468  99565.67832468
  99814.59252049  99814.59252049  99315.51955789  98818.9419601
  99122.12018451  99122.12018451  99122.12018451  99122.12018451
  99122.12018451  99122.12018451  99403.94419901  99738.1113913
 100072.52208048 100072.52208048 101039.50651469 101039.50651469
 101039.50651469 101039.50651469 100534.30898211 100534.30898211
 100785.64475457 100281.7165308   99780.30794814  99780.30794814
  99780.30794814  99780.30794814  99780.30794814  99780.30794814
  99281.4064084   99281.4064084   99529.60992442  99529.60992442
  99778.43394923 100296.87347689 100547.61566058 100547.61566058
 100044.87758228  99544.65319436  99793.51482735  99793.51482735
  99793.51482735  99294.54725321  99294.54725321  99294.54725321
  98798.07451695  98798.07451695  98304.08414436  97812.56372364
  97812.56372364  97812.56372364  98057.09513295  98057.09513295]","[ 0.01181633  0.          0.          0.          0.          0.
  0.00521541  0.         -0.005       0.         -0.005       0.
  0.          0.          0.         -0.005       0.         -0.005
 -0.005      -0.005       0.         -0.005       0.         -0.005
  0.00285484  0.         -0.005       0.          0.          0.
  0.00360026  0.0025      0.          0.015       0.          0.0025
 -0.005       0.0025      0.          0.0025      0.         -0.005
 -0.005       0.00306802  0.          0.          0.          0.
  0.          0.0028432   0.00336171  0.00335289  0.          0.00966284
  0.          0.          0.         -0.005       0.          0.0025
 -0.005      -0.005       0.          0.          0.          0.
  0.         -0.005       0.          0.0025      0.          0.0025
  0.00519591  0.0025      0.         -0.005      -0.005       0.0025
  0.          0.         -0.005       0.          0.         -0.005
  0.         -0.005      -0.005       0.          0.          0.0025
  0.        ]","{'daily_returns': array([ 0.01181633,  0.        ,  0.        ,  0.        ,  0.        ,
        0.        ,  0.00521541,  0.        , -0.005     ,  0.        ,
       -0.005     ,  0.        ,  0.        ,  0.        ,  0.        ,
       -0.005     ,  0.        , -0.005     , -0.005     , -0.005     ,
        0.        , -0.005     ,  0.        , -0.005     ,  0.00285484,
        0.        , -0.005     ,  0.        ,  0.        ,  0.        ,
        0.00360026,  0.0025    ,  0.        ,  0.015     ,  0.        ,
        0.0025    , -0.005     ,  0.0025    ,  0.        ,  0.0025    ,
        0.        , -0.005     , -0.005     ,  0.00306802,  0.        ,
        0.        ,  0.        ,  0.        ,  0.        ,  0.0028432 ,
        0.00336171,  0.00335289,  0.        ,  0.00966284,  0.        ,
        0.        ,  0.        , -0.005     ,  0.        ,  0.0025    ,
       -0.005     , -0.005     ,  0.        ,  0.        ,  0.        ,
        0.        ,  0.        , -0.005     ,  0.        ,  0.0025    ,
        0.        ,  0.0025    ,  0.00519591,  0.0025    ,  0.        ,
       -0.005     , -0.005     ,  0.0025    ,  0.        ,  0.        ,
       -0.005     ,  0.        ,  0.        , -0.005     ,  0.        ,
       -0.005     , -0.005     ,  0.        ,  0.        ,  0.0025    ,
        0.        ]), 'avg_daily_return': -0.00020910547513507425, 'median_daily_return': 0.0, 'daily_win_rate': 0.23076923076923078, 'daily_target_hit_rate': 0.054945054945054944, 'daily_shortfall_sum': 0.49591908138026414, 'daily_shortfall_mean': 0.005449660234947957, 'daily_excess_sum': 0.021890483142972376, 'worst_day': -0.005, 'best_day': 0.014999999999999998, 'cvar_alpha': 0.1, 'cvar': -0.004999999999999999, 'max_loss_breach_rate': 0.24175824175824176}","{'n_months': 3, 'month_labels': ['2025-10', '2025-11', '2025-12'], 'month_days': [31, 30, 30], 'monthly_returns': array([-0.02148522,  0.02483599, -0.02218372]), 'monthly_avg_daily_returns': array([-0.00069397,  0.00082629, -0.00074347]), 'target_monthly_returns': array([0.16720708, 0.16140008, 0.16140008]), 'monthly_target_hit_rate': 0.0, 'monthly_avg_daily_target_hit_rate': 0.0, 'monthly_shortfall_sum': 0.5088401958297272, 'monthly_shortfall_mean': 0.16961339860990907, 'worst_month': -0.02218371877552483, 'best_month': 0.024835991729158735, 'avg_monthly_return': -0.0062776489097414}",0.23076923076923078,0.054945054945054944,3.0,"[{'date': '2025-10-01', 'direction': 'LONG', 'signal': 100.0, 'entry_price': 114166.8, 'exit_price': 115607.166, 'gross_return': 0.012616329791147577, 'net_return': 0.011816329791147577, 'exit_reason': 'trail_stop_and_target_same_bar', 'reward_multiple': 3.0, 'trail_active': True}, {'date': '2025-10-02', 'direction': 'FLAT', 'gross_return': 0.0, 'net_return': 0.0, 'exit_reason': 'no_signal'}, {'date': '2025-10-03', 'direction': 'FLAT', 'gross_return': 0.0, 'net_return': 0.0, 'exit_reason': 'no_signal'}, {'date': '2025-10-04', 'direction': 'FLAT', 'gross_return': 0.0, 'net_return': 0.0, 'exit_reason': 'no_signal'}, {'date': '2025-10-05', 'direction': 'FLAT', 'gross_return': 0.0, 'net_return': 0.0, 'exit_reason': 'no_signal'}, {'date': '2025-10-06', 'direction': 'FLAT', 'gross_return': 0.0, 'net_return': 0.0, 'exit_reason': 'no_signal'}, {'date': '2025-10-07', 'direction': 'SHORT', 'signal': -100.0, 'entry_price': 124634.5, 'exit_price': 123884.7725, 'gross_return': 0.006015409056079894, 'net_return': 0.005215409056079894, 'exit_reason': 'trail_stop', 'reward_multiple': 3.0, 'trail_active': True}, {'date': '2025-10-08', 'direction': 'FLAT', 'gross_return': 0.0, 'net_return': 0.0, 'exit_reason': 'no_signal'}, {'date': '2025-10-09', 'direction': 'LONG', 'signal': 100.0, 'entry_price': 123156.6, 'exit_price': 122639.34228000001, 'gross_return': -0.0042, 'net_return': -0.005, 'exit_reason': 'stop', 'reward_multiple': 3.0, 'trail_active': False}, {'date': '2025-10-10', 'direction': 'FLAT', 'gross_return': 0.0, 'net_return': 0.0, 'exit_reason': 'no_signal'}, {'date': '2025-10-11', 'direction': 'LONG', 'signal': 75.88149625231732, 'entry_price': 112740.1, 'exit_price': 112266.59158000001, 'gross_return': -0.0042, 'net_return': -0.005, 'exit_reason': 'stop', 'reward_multiple': 3.0, 'trail_active': False}, {'date': '2025-10-12', 'direction': 'FLAT', 'gross_return': 0.0, 'net_return': 0.0, 'exit_reason': 'no_signal'}, {'date': '2025-10-13', 'direction': 'FLAT', 'gross_return': 0.0, 'net_return': 0.0, 'exit_reason': 'no_signal'}, {'date': '2025-10-14', 'direction': 'FLAT', 'gross_return': 0.0, 'net_return': 0.0, 'exit_reason': 'no_signal'}, {'date': '2025-10-15', 'direction': 'FLAT', 'gross_return': 0.0, 'net_return': 0.0, 'exit_reason': 'no_signal'}, {'date': '2025-10-16', 'direction': 'SHORT', 'signal': -100.0, 'entry_price': 110755.8, 'exit_price': 111220.97436000001, 'gross_return': -0.0042, 'net_return': -0.005, 'exit_reason': 'stop', 'reward_multiple': 3.0, 'trail_active': False}, {'date': '2025-10-17', 'direction': 'FLAT', 'gross_return': 0.0, 'net_return': 0.0, 'exit_reason': 'no_signal'}, {'date': '2025-10-18', 'direction': 'SHORT', 'signal': -100.0, 'entry_price': 106311.1, 'exit_price': 106757.60662, 'gross_return': -0.0042, 'net_return': -0.005, 'exit_reason': 'stop', 'reward_multiple': 3.0, 'trail_active': False}, {'date': '2025-10-19', 'direction': 'LONG', 'signal': 100.0, 'entry_price': 107103.2, 'exit_price': 106653.36656, 'gross_return': -0.0042, 'net_return': -0.005, 'exit_reason': 'stop', 'reward_multiple': 3.0, 'trail_active': False}, {'date': '2025-10-20', 'direction': 'LONG', 'signal': 100.0, 'entry_price': 108304.1, 'exit_price': 107849.22278000001, 'gross_return': -0.0042, 'net_return': -0.005, 'exit_reason': 'stop', 'reward_multiple': 3.0, 'trail_active': False}, {'date': '2025-10-21', 'direction': 'FLAT', 'gross_return': 0.0, 'net_return': 0.0, 'exit_reason': 'no_signal'}, {'date': '2025-10-22', 'direction': 'LONG', 'signal': 77.86607482131458, 'entry_price': 108416.8, 'exit_price': 107961.44944000001, 'gross_return': -0.0042, 'net_return': -0.005, 'exit_reason': 'stop', 'reward_multiple': 3.0, 'trail_active': False}, {'date': '2025-10-23', 'direction': 'FLAT', 'gross_return': 0.0, 'net_return': 0.0, 'exit_reason': 'no_signal'}, {'date': '2025-10-24', 'direction': 'SHORT', 'signal': -100.0, 'entry_price': 110046.7, 'exit_price': 110508.89614, 'gross_return': -0.0042, 'net_return': -0.005, 'exit_reason': 'stop', 'reward_multiple': 3.0, 'trail_active': False}, {'date': '2025-10-25', 'direction': 'LONG', 'signal': 14.713035667925093, 'entry_price': 110943.7, 'exit_price': 111349.1815, 'gross_return': 0.0036548402478012764, 'net_return': 0.0028548402478012764, 'exit_reason': 'trail_stop', 'reward_multiple': 3.0, 'trail_active': True}, {'date': '2025-10-26', 'direction': 'FLAT', 'gross_return': 0.0, 'net_return': 0.0, 'exit_reason': 'no_signal'}, {'date': '2025-10-27', 'direction': 'SHORT', 'signal': -100.0, 'entry_price': 114702.3, 'exit_price': 115184.04966, 'gross_return': -0.0042, 'net_return': -0.005, 'exit_reason': 'stop', 'reward_multiple': 3.0, 'trail_active': False}, {'date': '2025-10-28', 'direction': 'FLAT', 'gross_return': 0.0, 'net_return': 0.0, 'exit_reason': 'no_signal'}, {'date': '2025-10-29', 'direction': 'FLAT', 'gross_return': 0.0, 'net_return': 0.0, 'exit_reason': 'no_signal'}, {'date': '2025-10-30', 'direction': 'FLAT', 'gross_return': 0.0, 'net_return': 0.0, 'exit_reason': 'no_signal'}, {'date': '2025-10-31', 'direction': 'LONG', 'signal': 58.12061306850469, 'entry_price': 108369.3, 'exit_price': 108846.15350000001, 'gross_return': 0.004400263727826985, 'net_return': 0.003600263727826985, 'exit_reason': 'trail_stop', 'reward_multiple': 3.0, 'trail_active': True}, {'date': '2025-11-01', 'direction': 'LONG', 'signal': 6.279506719934605, 'entry_price': 109405.1, 'exit_price': 109766.13683000002, 'gross_return': 0.0033, 'net_return': 0.0025, 'exit_reason': 'trail_stop', 'reward_multiple': 3.0, 'trail_active': True}, {'date': '2025-11-02', 'direction': 'FLAT', 'gross_return': 0.0, 'net_return': 0.0, 'exit_reason': 'no_signal'}, {'date': '2025-11-03', 'direction': 'SHORT', 'signal': -12.084524125218634, 'entry_price': 110539.9, 'exit_price': 108793.36957999998, 'gross_return': 0.015799999999999998, 'net_return': 0.014999999999999998, 'exit_reason': 'target', 'reward_multiple': 3.0, 'trail_active': True}, {'date': '2025-11-04', 'direction': 'FLAT', 'gross_return': 0.0, 'net_return': 0.0, 'exit_reason': 'no_signal'}, {'date': '2025-11-05', 'direction': 'SHORT', 'signal': -100.0, 'entry_price': 101312.7, 'exit_price': 100978.36809, 'gross_return': 0.0033, 'net_return': 0.0025, 'exit_reason': 'trail_stop', 'reward_multiple': 3.0, 'trail_active': True}, {'date': '2025-11-06', 'direction': 'LONG', 'signal': 37.39057391077677, 'entry_price': 103549.3, 'exit_price': 103114.39294, 'gross_return': -0.0042, 'net_return': -0.005, 'exit_reason': 'stop', 'reward_multiple': 3.0, 'trail_active': False}, {'date': '2025-11-07', 'direction': 'SHORT', 'signal': -63.593402007939716, 'entry_price': 101468.7, 'exit_price': 101133.85329, 'gross_return': 0.0033, 'net_return': 0.0025, 'exit_reason': 'trail_stop', 'reward_multiple': 3.0, 'trail_active': True}, {'date': '2025-11-08', 'direction': 'FLAT', 'gross_return': 0.0, 'net_return': 0.0, 'exit_reason': 'no_signal'}, {'date': '2025-11-09', 'direction': 'SHORT', 'signal': -89.75352529954891, 'entry_price': 102288.4, 'exit_price': 101950.84827999999, 'gross_return': 0.0033, 'net_return': 0.0025, 'exit_reason': 'trail_stop', 'reward_multiple': 3.0, 'trail_active': True}, {'date': '2025-11-10', 'direction': 'FLAT', 'gross_return': 0.0, 'net_return': 0.0, 'exit_reason': 'no_signal'}, {'date': '2025-11-11', 'direction': 'SHORT', 'signal': -71.73904077720181, 'entry_price': 105983.3, 'exit_price': 106428.42986, 'gross_return': -0.0042, 'net_return': -0.005, 'exit_reason': 'stop', 'reward_multiple': 3.0, 'trail_active': False}, {'date': '2025-11-12', 'direction': 'SHORT', 'signal': -100.0, 'entry_price': 103196.6, 'exit_price': 103630.02572, 'gross_return': -0.0042, 'net_return': -0.005, 'exit_reason': 'stop', 'reward_multiple': 3.0, 'trail_active': False}, {'date': '2025-11-13', 'direction': 'LONG', 'signal': 100.0, 'entry_price': 101680.0, 'exit_price': 102073.3, 'gross_return': 0.003868017309205278, 'net_return': 0.0030680173092052783, 'exit_reason': 'trail_stop', 'reward_multiple': 3.0, 'trail_active': True}, {'date': '2025-11-14', 'direction': 'FLAT', 'gross_return': 0.0, 'net_return': 0.0, 'exit_reason': 'no_signal'}, {'date': '2025-11-15', 'direction': 'FLAT', 'gross_return': 0.0, 'net_return': 0.0, 'exit_reason': 'no_signal'}, {'date': '2025-11-16', 'direction': 'FLAT', 'gross_return': 0.0, 'net_return': 0.0, 'exit_reason': 'no_signal'}, {'date': '2025-11-17', 'direction': 'FLAT', 'gross_return': 0.0, 'net_return': 0.0, 'exit_reason': 'no_signal'}, {'date': '2025-11-18', 'direction': 'FLAT', 'gross_return': 0.0, 'net_return': 0.0, 'exit_reason': 'no_signal'}, {'date': '2025-11-19', 'direction': 'SHORT', 'signal': -97.38172818925531, 'entry_price': 92639.3, 'exit_price': 92301.79650000001, 'gross_return': 0.0036432000241797312, 'net_return': 0.0028432000241797313, 'exit_reason': 'trail_stop', 'reward_multiple': 3.0, 'trail_active': True}, {'date': '2025-11-20', 'direction': 'LONG', 'signal': 100.0, 'entry_price': 91434.9, 'exit_price': 91815.42550000001, 'gross_return': 0.004161709587914624, 'net_return': 0.0033617095879146237, 'exit_reason': 'trail_stop', 'reward_multiple': 3.0, 'trail_active': True}, {'date': '2025-11-21', 'direction': 'LONG', 'signal': 81.65288398571727, 'entry_price': 86672.1, 'exit_price': 87032.0395, 'gross_return': 0.0041528877228079785, 'net_return': 0.0033528877228079785, 'exit_reason': 'trail_stop', 'reward_multiple': 3.0, 'trail_active': True}, {'date': '2025-11-22', 'direction': 'FLAT', 'gross_return': 0.0, 'net_return': 0.0, 'exit_reason': 'no_signal'}, {'date': '2025-11-23', 'direction': 'LONG', 'signal': 100.0, 'entry_price': 84887.4, 'exit_price': 85775.563, 'gross_return': 0.010462836651847, 'net_return': 0.009662836651847, 'exit_reason': 'trail_stop', 'reward_multiple': 3.0, 'trail_active': True}, {'date': '2025-11-24', 'direction': 'FLAT', 'gross_return': 0.0, 'net_return': 0.0, 'exit_reason': 'no_signal'}, {'date': '2025-11-25', 'direction': 'FLAT', 'gross_return': 0.0, 'net_return': 0.0, 'exit_reason': 'no_signal'}, {'date': '2025-11-26', 'direction': 'FLAT', 'gross_return': 0.0, 'net_return': 0.0, 'exit_reason': 'no_signal'}, {'date': '2025-11-27', 'direction': 'SHORT', 'signal': -93.81947844483545, 'entry_price': 90368.9, 'exit_price': 90748.44937999999, 'gross_return': -0.0042, 'net_return': -0.005, 'exit_reason': 'stop', 'reward_multiple': 3.0, 'trail_active': False}, {'date': '2025-11-28', 'direction': 'FLAT', 'gross_return': 0.0, 'net_return': 0.0, 'exit_reason': 'no_signal'}, {'date': '2025-11-29', 'direction': 'SHORT', 'signal': -100.0, 'entry_price': 90918.0, 'exit_price': 90617.9706, 'gross_return': 0.0033, 'net_return': 0.0025, 'exit_reason': 'trail_stop', 'reward_multiple': 3.0, 'trail_active': True}, {'date': '2025-11-30', 'direction': 'LONG', 'signal': 100.0, 'entry_price': 90815.5, 'exit_price': 90434.0749, 'gross_return': -0.0042, 'net_return': -0.005, 'exit_reason': 'stop', 'reward_multiple': 3.0, 'trail_active': False}, {'date': '2025-12-01', 'direction': 'LONG', 'signal': 100.0, 'entry_price': 89771.4, 'exit_price': 89394.36012, 'gross_return': -0.0042, 'net_return': -0.005, 'exit_reason': 'stop', 'reward_multiple': 3.0, 'trail_active': False}, {'date': '2025-12-02', 'direction': 'FLAT', 'gross_return': 0.0, 'net_return': 0.0, 'exit_reason': 'no_signal'}, {'date': '2025-12-03', 'direction': 'FLAT', 'gross_return': 0.0, 'net_return': 0.0, 'exit_reason': 'no_signal'}, {'date': '2025-12-04', 'direction': 'FLAT', 'gross_return': 0.0, 'net_return': 0.0, 'exit_reason': 'no_signal'}, {'date': '2025-12-05', 'direction': 'FLAT', 'gross_return': 0.0, 'net_return': 0.0, 'exit_reason': 'no_signal'}, {'date': '2025-12-06', 'direction': 'FLAT', 'gross_return': 0.0, 'net_return': 0.0, 'exit_reason': 'no_signal'}, {'date': '2025-12-07', 'direction': 'SHORT', 'signal': -70.82233052131464, 'entry_price': 89283.3, 'exit_price': 89658.28986, 'gross_return': -0.0042, 'net_return': -0.005, 'exit_reason': 'stop', 'reward_multiple': 3.0, 'trail_active': False}, {'date': '2025-12-08', 'direction': 'FLAT', 'gross_return': 0.0, 'net_return': 0.0, 'exit_reason': 'no_signal'}, {'date': '2025-12-09', 'direction': 'SHORT', 'signal': -100.0, 'entry_price': 90602.2, 'exit_price': 90303.21274, 'gross_return': 0.0033, 'net_return': 0.0025, 'exit_reason': 'trail_stop', 'reward_multiple': 3.0, 'trail_active': True}, {'date': '2025-12-10', 'direction': 'FLAT', 'gross_return': 0.0, 'net_return': 0.0, 'exit_reason': 'no_signal'}, {'date': '2025-12-11', 'direction': 'SHORT', 'signal': -100.0, 'entry_price': 91966.8, 'exit_price': 91663.30956000001, 'gross_return': 0.0033, 'net_return': 0.0025, 'exit_reason': 'trail_stop', 'reward_multiple': 3.0, 'trail_active': True}, {'date': '2025-12-12', 'direction': 'SHORT', 'signal': -100.0, 'entry_price': 92416.2, 'exit_price': 91862.081, 'gross_return': 0.005995907643897906, 'net_return': 0.005195907643897906, 'exit_reason': 'trail_stop', 'reward_multiple': 3.0, 'trail_active': True}, {'date': '2025-12-13', 'direction': 'SHORT', 'signal': -27.410549366299374, 'entry_price': 90363.7, 'exit_price': 90065.49979, 'gross_return': 0.0033, 'net_return': 0.0025, 'exit_reason': 'trail_stop', 'reward_multiple': 3.0, 'trail_active': True}, {'date': '2025-12-14', 'direction': 'FLAT', 'gross_return': 0.0, 'net_return': 0.0, 'exit_reason': 'no_signal'}, {'date': '2025-12-15', 'direction': 'SHORT', 'signal': -100.0, 'entry_price': 88257.0, 'exit_price': 88627.6794, 'gross_return': -0.0042, 'net_return': -0.005, 'exit_reason': 'stop', 'reward_multiple': 3.0, 'trail_active': False}, {'date': '2025-12-16', 'direction': 'LONG', 'signal': 66.93196317826431, 'entry_price': 86412.3, 'exit_price': 86049.36834, 'gross_return': -0.0042, 'net_return': -0.005, 'exit_reason': 'stop', 'reward_multiple': 3.0, 'trail_active': False}, {'date': '2025-12-17', 'direction': 'SHORT', 'signal': -34.58432778438312, 'entry_price': 87570.5, 'exit_price': 87281.51735000001, 'gross_return': 0.0033, 'net_return': 0.0025, 'exit_reason': 'trail_stop', 'reward_multiple': 3.0, 'trail_active': True}, {'date': '2025-12-18', 'direction': 'FLAT', 'gross_return': 0.0, 'net_return': 0.0, 'exit_reason': 'no_signal'}, {'date': '2025-12-19', 'direction': 'FLAT', 'gross_return': 0.0, 'net_return': 0.0, 'exit_reason': 'no_signal'}, {'date': '2025-12-20', 'direction': 'SHORT', 'signal': -100.0, 'entry_price': 88046.9, 'exit_price': 88416.69698, 'gross_return': -0.0042, 'net_return': -0.005, 'exit_reason': 'stop', 'reward_multiple': 3.0, 'trail_active': False}, {'date': '2025-12-21', 'direction': 'FLAT', 'gross_return': 0.0, 'net_return': 0.0, 'exit_reason': 'no_signal'}, {'date': '2025-12-22', 'direction': 'FLAT', 'gross_return': 0.0, 'net_return': 0.0, 'exit_reason': 'no_signal'}, {'date': '2025-12-23', 'direction': 'LONG', 'signal': 100.0, 'entry_price': 88463.7, 'exit_price': 88092.15246, 'gross_return': -0.0042, 'net_return': -0.005, 'exit_reason': 'stop', 'reward_multiple': 3.0, 'trail_active': False}, {'date': '2025-12-24', 'direction': 'FLAT', 'gross_return': 0.0, 'net_return': 0.0, 'exit_reason': 'no_signal'}, {'date': '2025-12-25', 'direction': 'SHORT', 'signal': -46.85955793374419, 'entry_price': 87579.6, 'exit_price': 87947.43432, 'gross_return': -0.0042, 'net_return': -0.005, 'exit_reason': 'stop', 'reward_multiple': 3.0, 'trail_active': False}, {'date': '2025-12-26', 'direction': 'LONG', 'signal': 11.773572227555817, 'entry_price': 87211.2, 'exit_price': 86844.91296, 'gross_return': -0.0042, 'net_return': -0.005, 'exit_reason': 'stop', 'reward_multiple': 3.0, 'trail_active': False}, {'date': '2025-12-27', 'direction': 'FLAT', 'gross_return': 0.0, 'net_return': 0.0, 'exit_reason': 'no_signal'}, {'date': '2025-12-28', 'direction': 'FLAT', 'gross_return': 0.0, 'net_return': 0.0, 'exit_reason': 'no_signal'}, {'date': '2025-12-29', 'direction': 'LONG', 'signal': 56.442596747725624, 'entry_price': 87835.4, 'exit_price': 88125.25682, 'gross_return': 0.0033, 'net_return': 0.0025, 'exit_reason': 'trail_stop', 'reward_multiple': 3.0, 'trail_active': True}]"
2025-10-31 00:00:00+00:00,2026-01-29 00:00:00+00:00,0.03732965037867353,51,2.105264348259969,-0.034369693372334975,103732.96503786735,"[100000.         100360.02637278 100610.92643871 100610.92643871
 102120.0903353  102120.0903353  102375.39056113 101863.51360833
 102118.17239235 102118.17239235 102373.46782333 102373.46782333
 101861.60048421 101352.29248179 101663.24306945 101663.24306945
 101663.24306945 101663.24306945 101663.24306945 101663.24306945
 101952.29200461 102295.02600215 102638.00973894 102638.00973894
 103629.78406131 103629.78406131 103629.78406131 103629.78406131
 103111.63514101 103111.63514101 103369.41422886 102852.56715772
 102338.30432193 102338.30432193 102338.30432193 102338.30432193
 102338.30432193 102338.30432193 101826.61280032 101826.61280032
 102081.17933232 102081.17933232 102336.38228065 102868.11267159
 103125.28295327 103125.28295327 102609.6565385  102096.60825581
 102351.84977645 102351.84977645 102351.84977645 101840.09052757
 101840.09052757 101840.09052757 101330.89007493 101330.89007493
 100824.23562455 100320.11444643 100320.11444643 100320.11444643
 100570.91473255 100068.06015888 100403.61449417 100742.26261638
 101558.5300507  101050.73740044 101303.36424394 101930.19418732
 102256.90783798 103150.08334996 103150.08334996 103150.08334996
 103150.08334996 103407.95855834 103407.95855834 103407.95855834
 102890.91876555 102890.91876555 103148.14606246 103148.14606246
 102632.40533215 102888.98634548 102374.54141375 102374.54141375
 102374.54141375 102630.47776728 102117.32537845 102807.51714451
 103474.27933952 103474.27933952 103732.96503787 103732.96503787]","[ 0.00360026  0.0025      0.          0.015       0.          0.0025
 -0.005       0.0025      0.          0.0025      0.         -0.005
 -0.005       0.00306802  0.          0.          0.          0.
  0.          0.0028432   0.00336171  0.00335289  0.          0.00966284
  0.          0.          0.         -0.005       0.          0.0025
 -0.005      -0.005       0.          0.          0.          0.
  0.         -0.005       0.          0.0025      0.          0.0025
  0.00519591  0.0025      0.         -0.005      -0.005       0.0025
  0.          0.         -0.005       0.          0.         -0.005
  0.         -0.005      -0.005       0.          0.          0.0025
 -0.005       0.00335326  0.00337287  0.00810253 -0.005       0.0025
  0.00618765  0.00320527  0.00873462  0.          0.          0.
  0.0025      0.          0.         -0.005       0.          0.0025
  0.         -0.005       0.0025     -0.005       0.          0.
  0.0025     -0.005       0.00675881  0.00648554  0.          0.0025
  0.        ]","{'daily_returns': array([ 0.00360026,  0.0025    ,  0.        ,  0.015     ,  0.        ,
        0.0025    , -0.005     ,  0.0025    ,  0.        ,  0.0025    ,
        0.        , -0.005     , -0.005     ,  0.00306802,  0.        ,
        0.        ,  0.        ,  0.        ,  0.        ,  0.0028432 ,
        0.00336171,  0.00335289,  0.        ,  0.00966284,  0.        ,
        0.        ,  0.        , -0.005     ,  0.        ,  0.0025    ,
       -0.005     , -0.005     ,  0.        ,  0.        ,  0.        ,
        0.        ,  0.        , -0.005     ,  0.        ,  0.0025    ,
        0.        ,  0.0025    ,  0.00519591,  0.0025    ,  0.        ,
       -0.005     , -0.005     ,  0.0025    ,  0.        ,  0.        ,
       -0.005     ,  0.        ,  0.        , -0.005     ,  0.        ,
       -0.005     , -0.005     ,  0.        ,  0.        ,  0.0025    ,
       -0.005     ,  0.00335326,  0.00337287,  0.00810253, -0.005     ,
        0.0025    ,  0.00618765,  0.00320527,  0.00873462,  0.        ,
        0.        ,  0.        ,  0.0025    ,  0.        ,  0.        ,
       -0.005     ,  0.        ,  0.0025    ,  0.        , -0.005     ,
        0.0025    , -0.005     ,  0.        ,  0.        ,  0.0025    ,
       -0.005     ,  0.00675881,  0.00648554,  0.        ,  0.0025    ,
        0.        ]), 'avg_daily_return': 0.0004097294282833877, 'median_daily_return': 0.0, 'daily_win_rate': 0.3516483516483517, 'daily_target_hit_rate': 0.08791208791208792, 'daily_shortfall_sum': 0.44384252407301145, 'daily_shortfall_mean': 0.004877390374428697, 'daily_excess_sum': 0.026127902046799694, 'worst_day': -0.005, 'best_day': 0.014999999999999998, 'cvar_alpha': 0.1, 'cvar': -0.004999999999999999, 'max_loss_breach_rate': 0.2087912087912088}","{'n_months': 4, 'month_labels': ['2025-10', '2025-11', '2025-12', '2026-01'], 'month_days': [1, 30, 31, 29], 'monthly_returns': array([ 0.00360026,  0.02483599, -0.02381032,  0.03315967]), 'monthly_avg_daily_returns': array([ 0.00360026,  0.00082629, -0.00077261,  0.00113267]), 'target_monthly_returns': array([0.005     , 0.16140008, 0.16720708, 0.15562197]), 'monthly_target_hit_rate': 0.0, 'monthly_avg_daily_target_hit_rate': 0.0, 'monthly_shortfall_sum': 0.45144353680035254, 'monthly_shortfall_mean': 0.11286088420008814, 'worst_month': -0.023810321231863774, 'best_month': 0.03315966820987759, 'avg_monthly_return': 0.009446400608749878}",0.3516483516483517,0.08791208791208792,3.0,"[{'date': '2025-10-31', 'direction': 'LONG', 'signal': 58.12061306850469, 'entry_price': 108369.3, 'exit_price': 108846.15350000001, 'gross_return': 0.004400263727826985, 'net_return': 0.003600263727826985, 'exit_reason': 'trail_stop', 'reward_multiple': 3.0, 'trail_active': True}, {'date': '2025-11-01', 'direction': 'LONG', 'signal': 6.279506719934605, 'entry_price': 109405.1, 'exit_price': 109766.13683000002, 'gross_return': 0.0033, 'net_return': 0.0025, 'exit_reason': 'trail_stop', 'reward_multiple': 3.0, 'trail_active': True}, {'date': '2025-11-02', 'direction': 'FLAT', 'gross_return': 0.0, 'net_return': 0.0, 'exit_reason': 'no_signal'}, {'date': '2025-11-03', 'direction': 'SHORT', 'signal': -12.084524125218634, 'entry_price': 110539.9, 'exit_price': 108793.36957999998, 'gross_return': 0.015799999999999998, 'net_return': 0.014999999999999998, 'exit_reason': 'target', 'reward_multiple': 3.0, 'trail_active': True}, {'date': '2025-11-04', 'direction': 'FLAT', 'gross_return': 0.0, 'net_return': 0.0, 'exit_reason': 'no_signal'}, {'date': '2025-11-05', 'direction': 'SHORT', 'signal': -100.0, 'entry_price': 101312.7, 'exit_price': 100978.36809, 'gross_return': 0.0033, 'net_return': 0.0025, 'exit_reason': 'trail_stop', 'reward_multiple': 3.0, 'trail_active': True}, {'date': '2025-11-06', 'direction': 'LONG', 'signal': 37.39057391077677, 'entry_price': 103549.3, 'exit_price': 103114.39294, 'gross_return': -0.0042, 'net_return': -0.005, 'exit_reason': 'stop', 'reward_multiple': 3.0, 'trail_active': False}, {'date': '2025-11-07', 'direction': 'SHORT', 'signal': -63.593402007939716, 'entry_price': 101468.7, 'exit_price': 101133.85329, 'gross_return': 0.0033, 'net_return': 0.0025, 'exit_reason': 'trail_stop', 'reward_multiple': 3.0, 'trail_active': True}, {'date': '2025-11-08', 'direction': 'FLAT', 'gross_return': 0.0, 'net_return': 0.0, 'exit_reason': 'no_signal'}, {'date': '2025-11-09', 'direction': 'SHORT', 'signal': -89.75352529954891, 'entry_price': 102288.4, 'exit_price': 101950.84827999999, 'gross_return': 0.0033, 'net_return': 0.0025, 'exit_reason': 'trail_stop', 'reward_multiple': 3.0, 'trail_active': True}, {'date': '2025-11-10', 'direction': 'FLAT', 'gross_return': 0.0, 'net_return': 0.0, 'exit_reason': 'no_signal'}, {'date': '2025-11-11', 'direction': 'SHORT', 'signal': -71.73904077720181, 'entry_price': 105983.3, 'exit_price': 106428.42986, 'gross_return': -0.0042, 'net_return': -0.005, 'exit_reason': 'stop', 'reward_multiple': 3.0, 'trail_active': False}, {'date': '2025-11-12', 'direction': 'SHORT', 'signal': -100.0, 'entry_price': 103196.6, 'exit_price': 103630.02572, 'gross_return': -0.0042, 'net_return': -0.005, 'exit_reason': 'stop', 'reward_multiple': 3.0, 'trail_active': False}, {'date': '2025-11-13', 'direction': 'LONG', 'signal': 100.0, 'entry_price': 101680.0, 'exit_price': 102073.3, 'gross_return': 0.003868017309205278, 'net_return': 0.0030680173092052783, 'exit_reason': 'trail_stop', 'reward_multiple': 3.0, 'trail_active': True}, {'date': '2025-11-14', 'direction': 'FLAT', 'gross_return': 0.0, 'net_return': 0.0, 'exit_reason': 'no_signal'}, {'date': '2025-11-15', 'direction': 'FLAT', 'gross_return': 0.0, 'net_return': 0.0, 'exit_reason': 'no_signal'}, {'date': '2025-11-16', 'direction': 'FLAT', 'gross_return': 0.0, 'net_return': 0.0, 'exit_reason': 'no_signal'}, {'date': '2025-11-17', 'direction': 'FLAT', 'gross_return': 0.0, 'net_return': 0.0, 'exit_reason': 'no_signal'}, {'date': '2025-11-18', 'direction': 'FLAT', 'gross_return': 0.0, 'net_return': 0.0, 'exit_reason': 'no_signal'}, {'date': '2025-11-19', 'direction': 'SHORT', 'signal': -97.38172818925531, 'entry_price': 92639.3, 'exit_price': 92301.79650000001, 'gross_return': 0.0036432000241797312, 'net_return': 0.0028432000241797313, 'exit_reason': 'trail_stop', 'reward_multiple': 3.0, 'trail_active': True}, {'date': '2025-11-20', 'direction': 'LONG', 'signal': 100.0, 'entry_price': 91434.9, 'exit_price': 91815.42550000001, 'gross_return': 0.004161709587914624, 'net_return': 0.0033617095879146237, 'exit_reason': 'trail_stop', 'reward_multiple': 3.0, 'trail_active': True}, {'date': '2025-11-21', 'direction': 'LONG', 'signal': 81.65288398571727, 'entry_price': 86672.1, 'exit_price': 87032.0395, 'gross_return': 0.0041528877228079785, 'net_return': 0.0033528877228079785, 'exit_reason': 'trail_stop', 'reward_multiple': 3.0, 'trail_active': True}, {'date': '2025-11-22', 'direction': 'FLAT', 'gross_return': 0.0, 'net_return': 0.0, 'exit_reason': 'no_signal'}, {'date': '2025-11-23', 'direction': 'LONG', 'signal': 100.0, 'entry_price': 84887.4, 'exit_price': 85775.563, 'gross_return': 0.010462836651847, 'net_return': 0.009662836651847, 'exit_reason': 'trail_stop', 'reward_multiple': 3.0, 'trail_active': True}, {'date': '2025-11-24', 'direction': 'FLAT', 'gross_return': 0.0, 'net_return': 0.0, 'exit_reason': 'no_signal'}, {'date': '2025-11-25', 'direction': 'FLAT', 'gross_return': 0.0, 'net_return': 0.0, 'exit_reason': 'no_signal'}, {'date': '2025-11-26', 'direction': 'FLAT', 'gross_return': 0.0, 'net_return': 0.0, 'exit_reason': 'no_signal'}, {'date': '2025-11-27', 'direction': 'SHORT', 'signal': -93.81947844483545, 'entry_price': 90368.9, 'exit_price': 90748.44937999999, 'gross_return': -0.0042, 'net_return': -0.005, 'exit_reason': 'stop', 'reward_multiple': 3.0, 'trail_active': False}, {'date': '2025-11-28', 'direction': 'FLAT', 'gross_return': 0.0, 'net_return': 0.0, 'exit_reason': 'no_signal'}, {'date': '2025-11-29', 'direction': 'SHORT', 'signal': -100.0, 'entry_price': 90918.0, 'exit_price': 90617.9706, 'gross_return': 0.0033, 'net_return': 0.0025, 'exit_reason': 'trail_stop', 'reward_multiple': 3.0, 'trail_active': True}, {'date': '2025-11-30', 'direction': 'LONG', 'signal': 100.0, 'entry_price': 90815.5, 'exit_price': 90434.0749, 'gross_return': -0.0042, 'net_return': -0.005, 'exit_reason': 'stop', 'reward_multiple': 3.0, 'trail_active': False}, {'date': '2025-12-01', 'direction': 'LONG', 'signal': 100.0, 'entry_price': 89771.4, 'exit_price': 89394.36012, 'gross_return': -0.0042, 'net_return': -0.005, 'exit_reason': 'stop', 'reward_multiple': 3.0, 'trail_active': False}, {'date': '2025-12-02', 'direction': 'FLAT', 'gross_return': 0.0, 'net_return': 0.0, 'exit_reason': 'no_signal'}, {'date': '2025-12-03', 'direction': 'FLAT', 'gross_return': 0.0, 'net_return': 0.0, 'exit_reason': 'no_signal'}, {'date': '2025-12-04', 'direction': 'FLAT', 'gross_return': 0.0, 'net_return': 0.0, 'exit_reason': 'no_signal'}, {'date': '2025-12-05', 'direction': 'FLAT', 'gross_return': 0.0, 'net_return': 0.0, 'exit_reason': 'no_signal'}, {'date': '2025-12-06', 'direction': 'FLAT', 'gross_return': 0.0, 'net_return': 0.0, 'exit_reason': 'no_signal'}, {'date': '2025-12-07', 'direction': 'SHORT', 'signal': -70.82233052131464, 'entry_price': 89283.3, 'exit_price': 89658.28986, 'gross_return': -0.0042, 'net_return': -0.005, 'exit_reason': 'stop', 'reward_multiple': 3.0, 'trail_active': False}, {'date': '2025-12-08', 'direction': 'FLAT', 'gross_return': 0.0, 'net_return': 0.0, 'exit_reason': 'no_signal'}, {'date': '2025-12-09', 'direction': 'SHORT', 'signal': -100.0, 'entry_price': 90602.2, 'exit_price': 90303.21274, 'gross_return': 0.0033, 'net_return': 0.0025, 'exit_reason': 'trail_stop', 'reward_multiple': 3.0, 'trail_active': True}, {'date': '2025-12-10', 'direction': 'FLAT', 'gross_return': 0.0, 'net_return': 0.0, 'exit_reason': 'no_signal'}, {'date': '2025-12-11', 'direction': 'SHORT', 'signal': -100.0, 'entry_price': 91966.8, 'exit_price': 91663.30956000001, 'gross_return': 0.0033, 'net_return': 0.0025, 'exit_reason': 'trail_stop', 'reward_multiple': 3.0, 'trail_active': True}, {'date': '2025-12-12', 'direction': 'SHORT', 'signal': -100.0, 'entry_price': 92416.2, 'exit_price': 91862.081, 'gross_return': 0.005995907643897906, 'net_return': 0.005195907643897906, 'exit_reason': 'trail_stop', 'reward_multiple': 3.0, 'trail_active': True}, {'date': '2025-12-13', 'direction': 'SHORT', 'signal': -27.410549366299374, 'entry_price': 90363.7, 'exit_price': 90065.49979, 'gross_return': 0.0033, 'net_return': 0.0025, 'exit_reason': 'trail_stop', 'reward_multiple': 3.0, 'trail_active': True}, {'date': '2025-12-14', 'direction': 'FLAT', 'gross_return': 0.0, 'net_return': 0.0, 'exit_reason': 'no_signal'}, {'date': '2025-12-15', 'direction': 'SHORT', 'signal': -100.0, 'entry_price': 88257.0, 'exit_price': 88627.6794, 'gross_return': -0.0042, 'net_return': -0.005, 'exit_reason': 'stop', 'reward_multiple': 3.0, 'trail_active': False}, {'date': '2025-12-16', 'direction': 'LONG', 'signal': 66.93196317826431, 'entry_price': 86412.3, 'exit_price': 86049.36834, 'gross_return': -0.0042, 'net_return': -0.005, 'exit_reason': 'stop', 'reward_multiple': 3.0, 'trail_active': False}, {'date': '2025-12-17', 'direction': 'SHORT', 'signal': -34.58432778438312, 'entry_price': 87570.5, 'exit_price': 87281.51735000001, 'gross_return': 0.0033, 'net_return': 0.0025, 'exit_reason': 'trail_stop', 'reward_multiple': 3.0, 'trail_active': True}, {'date': '2025-12-18', 'direction': 'FLAT', 'gross_return': 0.0, 'net_return': 0.0, 'exit_reason': 'no_signal'}, {'date': '2025-12-19', 'direction': 'FLAT', 'gross_return': 0.0, 'net_return': 0.0, 'exit_reason': 'no_signal'}, {'date': '2025-12-20', 'direction': 'SHORT', 'signal': -100.0, 'entry_price': 88046.9, 'exit_price': 88416.69698, 'gross_return': -0.0042, 'net_return': -0.005, 'exit_reason': 'stop', 'reward_multiple': 3.0, 'trail_active': False}, {'date': '2025-12-21', 'direction': 'FLAT', 'gross_return': 0.0, 'net_return': 0.0, 'exit_reason': 'no_signal'}, {'date': '2025-12-22', 'direction': 'FLAT', 'gross_return': 0.0, 'net_return': 0.0, 'exit_reason': 'no_signal'}, {'date': '2025-12-23', 'direction': 'LONG', 'signal': 100.0, 'entry_price': 88463.7, 'exit_price': 88092.15246, 'gross_return': -0.0042, 'net_return': -0.005, 'exit_reason': 'stop', 'reward_multiple': 3.0, 'trail_active': False}, {'date': '2025-12-24', 'direction': 'FLAT', 'gross_return': 0.0, 'net_return': 0.0, 'exit_reason': 'no_signal'}, {'date': '2025-12-25', 'direction': 'SHORT', 'signal': -46.85955793374419, 'entry_price': 87579.6, 'exit_price': 87947.43432, 'gross_return': -0.0042, 'net_return': -0.005, 'exit_reason': 'stop', 'reward_multiple': 3.0, 'trail_active': False}, {'date': '2025-12-26', 'direction': 'LONG', 'signal': 11.773572227555817, 'entry_price': 87211.2, 'exit_price': 86844.91296, 'gross_return': -0.0042, 'net_return': -0.005, 'exit_reason': 'stop', 'reward_multiple': 3.0, 'trail_active': False}, {'date': '2025-12-27', 'direction': 'FLAT', 'gross_return': 0.0, 'net_return': 0.0, 'exit_reason': 'no_signal'}, {'date': '2025-12-28', 'direction': 'FLAT', 'gross_return': 0.0, 'net_return': 0.0, 'exit_reason': 'no_signal'}, {'date': '2025-12-29', 'direction': 'LONG', 'signal': 56.442596747725624, 'entry_price': 87835.4, 'exit_price': 88125.25682, 'gross_return': 0.0033, 'net_return': 0.0025, 'exit_reason': 'trail_stop', 'reward_multiple': 3.0, 'trail_active': True}, {'date': '2025-12-30', 'direction': 'SHORT', 'signal': -100.0, 'entry_price': 87233.3, 'exit_price': 87599.67986, 'gross_return': -0.0042, 'net_return': -0.005, 'exit_reason': 'stop', 'reward_multiple': 3.0, 'trail_active': False}, {'date': '2025-12-31', 'direction': 'LONG', 'signal': 64.22876162547861, 'entry_price': 88383.8, 'exit_price': 88750.88100000001, 'gross_return': 0.004153261117987643, 'net_return': 0.0033532611179876433, 'exit_reason': 'trail_stop', 'reward_multiple': 3.0, 'trail_active': True}, {'date': '2026-01-01', 'direction': 'LONG', 'signal': 100.0, 'entry_price': 87671.6, 'exit_price': 88037.44200000001, 'gross_return': 0.004172867838615817, 'net_return': 0.003372867838615817, 'exit_reason': 'trail_stop', 'reward_multiple': 3.0, 'trail_active': True}, {'date': '2026-01-02', 'direction': 'LONG', 'signal': 97.22399799809091, 'entry_price': 88667.3, 'exit_price': 89456.66350000001, 'gross_return': 0.008902532275145373, 'net_return': 0.008102532275145373, 'exit_reason': 'trail_stop', 'reward_multiple': 3.0, 'trail_active': True}, {'date': '2026-01-03', 'direction': 'SHORT', 'signal': -100.0, 'entry_price': 89992.9, 'exit_price': 90370.87018, 'gross_return': -0.0042, 'net_return': -0.005, 'exit_reason': 'stop', 'reward_multiple': 3.0, 'trail_active': False}, {'date': '2026-01-04', 'direction': 'LONG', 'signal': 4.36937770449838, 'entry_price': 90898.5, 'exit_price': 91198.46505000001, 'gross_return': 0.0033, 'net_return': 0.0025, 'exit_reason': 'trail_stop', 'reward_multiple': 3.0, 'trail_active': True}, {'date': '2026-01-05', 'direction': 'LONG', 'signal': 100.0, 'entry_price': 91802.8, 'exit_price': 92444.28600000001, 'gross_return': 0.006987651792755738, 'net_return': 0.0061876517927557375, 'exit_reason': 'trail_stop', 'reward_multiple': 3.0, 'trail_active': True}, {'date': '2026-01-06', 'direction': 'SHORT', 'signal': -20.423432680268917, 'entry_price': 93933.9, 'exit_price': 93557.6695, 'gross_return': 0.004005268598450522, 'net_return': 0.003205268598450522, 'exit_reason': 'trail_stop', 'reward_multiple': 3.0, 'trail_active': True}, {'date': '2026-01-07', 'direction': 'SHORT', 'signal': -100.0, 'entry_price': 93562.8, 'exit_price': 92670.71399999999, 'gross_return': 0.009534622734676649, 'net_return': 0.008734622734676649, 'exit_reason': 'trail_stop', 'reward_multiple': 3.0, 'trail_active': True}, {'date': '2026-01-08', 'direction': 'FLAT', 'gross_return': 0.0, 'net_return': 0.0, 'exit_reason': 'no_signal'}, {'date': '2026-01-09', 'direction': 'FLAT', 'gross_return': 0.0, 'net_return': 0.0, 'exit_reason': 'no_signal'}, {'date': '2026-01-10', 'direction': 'FLAT', 'gross_return': 0.0, 'net_return': 0.0, 'exit_reason': 'no_signal'}, {'date': '2026-01-11', 'direction': 'LONG', 'signal': 100.0, 'entry_price': 90428.1, 'exit_price': 90726.51273000002, 'gross_return': 0.0033, 'net_return': 0.0025, 'exit_reason': 'trail_stop', 'reward_multiple': 3.0, 'trail_active': True}, {'date': '2026-01-12', 'direction': 'FLAT', 'gross_return': 0.0, 'net_return': 0.0, 'exit_reason': 'no_signal'}, {'date': '2026-01-13', 'direction': 'FLAT', 'gross_return': 0.0, 'net_return': 0.0, 'exit_reason': 'no_signal'}, {'date': '2026-01-14', 'direction': 'LONG', 'signal': 100.0, 'entry_price': 95435.2, 'exit_price': 95034.37216, 'gross_return': -0.0042, 'net_return': -0.005, 'exit_reason': 'stop', 'reward_multiple': 3.0, 'trail_active': False}, {'date': '2026-01-15', 'direction': 'FLAT', 'gross_return': 0.0, 'net_return': 0.0, 'exit_reason': 'no_signal'}, {'date': '2026-01-16', 'direction': 'SHORT', 'signal': -100.0, 'entry_price': 95629.3, 'exit_price': 95313.72331, 'gross_return': 0.0033, 'net_return': 0.0025, 'exit_reason': 'trail_stop', 'reward_multiple': 3.0, 'trail_active': True}, {'date': '2026-01-17', 'direction': 'FLAT', 'gross_return': 0.0, 'net_return': 0.0, 'exit_reason': 'no_signal'}, {'date': '2026-01-18', 'direction': 'SHORT', 'signal': -100.0, 'entry_price': 95068.2, 'exit_price': 95467.48644, 'gross_return': -0.0042, 'net_return': -0.005, 'exit_reason': 'stop', 'reward_multiple': 3.0, 'trail_active': False}, {'date': '2026-01-19', 'direction': 'SHORT', 'signal': -100.0, 'entry_price': 92920.4, 'exit_price': 92613.76268, 'gross_return': 0.0033, 'net_return': 0.0025, 'exit_reason': 'trail_stop', 'reward_multiple': 3.0, 'trail_active': True}, {'date': '2026-01-20', 'direction': 'LONG', 'signal': 43.70981787347369, 'entry_price': 92732.6, 'exit_price': 92343.12308, 'gross_return': -0.0042, 'net_return': -0.005, 'exit_reason': 'stop', 'reward_multiple': 3.0, 'trail_active': False}, {'date': '2026-01-21', 'direction': 'FLAT', 'gross_return': 0.0, 'net_return': 0.0, 'exit_reason': 'no_signal'}, {'date': '2026-01-22', 'direction': 'FLAT', 'gross_return': 0.0, 'net_return': 0.0, 'exit_reason': 'no_signal'}, {'date': '2026-01-23', 'direction': 'LONG', 'signal': 100.0, 'entry_price': 89456.1, 'exit_price': 89751.30513000001, 'gross_return': 0.0033, 'net_return': 0.0025, 'exit_reason': 'trail_stop', 'reward_multiple': 3.0, 'trail_active': True}, {'date': '2026-01-24', 'direction': 'LONG', 'signal': 100.0, 'entry_price': 89542.4, 'exit_price': 89166.32192, 'gross_return': -0.0042, 'net_return': -0.005, 'exit_reason': 'stop', 'reward_multiple': 3.0, 'trail_active': False}, {'date': '2026-01-25', 'direction': 'SHORT', 'signal': -100.0, 'entry_price': 89204.3, 'exit_price': 88530.0215, 'gross_return': 0.007558811626793842, 'net_return': 0.006758811626793842, 'exit_reason': 'trail_stop', 'reward_multiple': 3.0, 'trail_active': True}, {'date': '2026-01-26', 'direction': 'LONG', 'signal': 100.0, 'entry_price': 86711.7, 'exit_price': 87343.4415, 'gross_return': 0.007285539321683192, 'net_return': 0.006485539321683192, 'exit_reason': 'trail_stop', 'reward_multiple': 3.0, 'trail_active': True}, {'date': '2026-01-27', 'direction': 'FLAT', 'gross_return': 0.0, 'net_return': 0.0, 'exit_reason': 'no_signal'}, {'date': '2026-01-28', 'direction': 'LONG', 'signal': 100.0, 'entry_price': 89137.5, 'exit_price': 89431.65375000001, 'gross_return': 0.0033, 'net_return': 0.0025, 'exit_reason': 'trail_stop', 'reward_multiple': 3.0, 'trail_active': True}]"
2025-11-30 00:00:00+00:00,2026-02-28 00:00:00+00:00,-0.0064974805924851164,58,-0.264067277513358,-0.033732381656815025,99350.25194075149,"[100000.          99500.          99002.5         99002.5
  99002.5         99002.5         99002.5         99002.5
  98507.4875      98507.4875      98753.75621875  98753.75621875
  99000.6406093   99515.03879459  99763.82639158  99763.82639158
  99265.00725962  98768.68222332  99015.60392888  99015.60392888
  99015.60392888  98520.52590923  98520.52590923  98520.52590923
  98027.92327969  98027.92327969  97537.78366329  97050.09474497
  97050.09474497  97050.09474497  97292.71998184  96806.25638193
  97130.87303743  97458.48263523  98248.14313627  97756.90242059
  98001.29467664  98607.69256334  98923.75670388  99787.81839819
  99787.81839819  99787.81839819  99787.81839819 100037.28794418
 100037.28794418 100037.28794418  99537.10150446  99537.10150446
  99785.94425822  99785.94425822  99287.01453693  99535.23207327
  99037.55591291  99037.55591291  99037.55591291  99285.14980269
  98788.72405367  99456.41843041 100101.44694293 100101.44694293
 100351.70056029  99849.94205749 100099.56691263 100099.56691263
 100099.56691263 100403.79243851 100403.79243851  99901.77347632
 100151.52791001 100151.52791001  99650.77027046  99152.5164191
  98656.75383701  98656.75383701  98903.3957216   99724.80100885
  99226.1770038   98730.04611879  98236.39588819  98236.39588819
  98481.98687791  97989.57694352  97989.57694352  98241.25897275
  98486.86212018  97994.42780958  97504.45567053  97016.93339218
  99347.78382069  99849.49943794  99350.25194075  99350.25194075]","[-0.005      -0.005       0.          0.          0.          0.
  0.         -0.005       0.          0.0025      0.          0.0025
  0.00519591  0.0025      0.         -0.005      -0.005       0.0025
  0.          0.         -0.005       0.          0.         -0.005
  0.         -0.005      -0.005       0.          0.          0.0025
 -0.005       0.00335326  0.00337287  0.00810253 -0.005       0.0025
  0.00618765  0.00320527  0.00873462  0.          0.          0.
  0.0025      0.          0.         -0.005       0.          0.0025
  0.         -0.005       0.0025     -0.005       0.          0.
  0.0025     -0.005       0.00675881  0.00648554  0.          0.0025
 -0.005       0.0025      0.          0.          0.00303923  0.
 -0.005       0.0025      0.         -0.005      -0.005      -0.005
  0.          0.0025      0.00830513 -0.005      -0.005      -0.005
  0.          0.0025     -0.005       0.          0.00256846  0.0025
 -0.005      -0.005      -0.005       0.02402519  0.00505009 -0.005
  0.        ]","{'daily_returns': array([-0.005     , -0.005     ,  0.        ,  0.        ,  0.        ,
        0.        ,  0.        , -0.005     ,  0.        ,  0.0025    ,
        0.        ,  0.0025    ,  0.00519591,  0.0025    ,  0.        ,
       -0.005     , -0.005     ,  0.0025    ,  0.        ,  0.        ,
       -0.005     ,  0.        ,  0.        , -0.005     ,  0.        ,
       -0.005     , -0.005     ,  0.        ,  0.        ,  0.0025    ,
       -0.005     ,  0.00335326,  0.00337287,  0.00810253, -0.005     ,
        0.0025    ,  0.00618765,  0.00320527,  0.00873462,  0.        ,
        0.        ,  0.        ,  0.0025    ,  0.        ,  0.        ,
       -0.005     ,  0.        ,  0.0025    ,  0.        , -0.005     ,
        0.0025    , -0.005     ,  0.        ,  0.        ,  0.0025    ,
       -0.005     ,  0.00675881,  0.00648554,  0.        ,  0.0025    ,
       -0.005     ,  0.0025    ,  0.        ,  0.        ,  0.00303923,
        0.        , -0.005     ,  0.0025    ,  0.        , -0.005     ,
       -0.005     , -0.005     ,  0.        ,  0.0025    ,  0.00830513,
       -0.005     , -0.005     , -0.005     ,  0.        ,  0.0025    ,
       -0.005     ,  0.        ,  0.00256846,  0.0025    , -0.005     ,
       -0.005     , -0.005     ,  0.02402519,  0.00505009, -0.005     ,
        0.        ]), 'avg_daily_return': -6.170810987987211e-05, 'median_daily_return': 0.0, 'daily_win_rate': 0.32967032967032966, 'daily_target_hit_rate': 0.0989010989010989, 'daily_shortfall_sum': 0.49446091610586956, 'daily_shortfall_mean': 0.0054336364407238415, 'daily_excess_sum': 0.03384547810680122, 'worst_day': -0.005, 'best_day': 0.024025191757924197, 'cvar_alpha': 0.1, 'cvar': -0.004999999999999999, 'max_loss_breach_rate': 0.3076923076923077}","{'n_months': 4, 'month_labels': ['2025-11', '2025-12', '2026-01', '2026-02'], 'month_days': [1, 31, 31, 28], 'monthly_returns': array([-0.005     , -0.02381032,  0.03056385, -0.0074857 ]), 'monthly_avg_daily_returns': array([-0.005     , -0.00077261,  0.00097894, -0.00025043]), 'target_monthly_returns': array([0.005     , 0.16720708, 0.16720708, 0.14987261]), 'monthly_target_hit_rate': 0.0, 'monthly_avg_daily_target_hit_rate': 0.0, 'monthly_shortfall_sum': 0.49501893973022726, 'monthly_shortfall_mean': 0.12375473493255681, 'worst_month': -0.023810321231863774, 'best_month': 0.0305638545435003, 'avg_monthly_return': -0.001433040782575029}",0.32967032967032966,0.0989010989010989,3.0,"[{'date': '2025-11-30', 'direction': 'LONG', 'signal': 100.0, 'entry_price': 90815.5, 'exit_price': 90434.0749, 'gross_return': -0.0042, 'net_return': -0.005, 'exit_reason': 'stop', 'reward_multiple': 3.0, 'trail_active': False}, {'date': '2025-12-01', 'direction': 'LONG', 'signal': 100.0, 'entry_price': 89771.4, 'exit_price': 89394.36012, 'gross_return': -0.0042, 'net_return': -0.005, 'exit_reason': 'stop', 'reward_multiple': 3.0, 'trail_active': False}, {'date': '2025-12-02', 'direction': 'FLAT', 'gross_return': 0.0, 'net_return': 0.0, 'exit_reason': 'no_signal'}, {'date': '2025-12-03', 'direction': 'FLAT', 'gross_return': 0.0, 'net_return': 0.0, 'exit_reason': 'no_signal'}, {'date': '2025-12-04', 'direction': 'FLAT', 'gross_return': 0.0, 'net_return': 0.0, 'exit_reason': 'no_signal'}, {'date': '2025-12-05', 'direction': 'FLAT', 'gross_return': 0.0, 'net_return': 0.0, 'exit_reason': 'no_signal'}, {'date': '2025-12-06', 'direction': 'FLAT', 'gross_return': 0.0, 'net_return': 0.0, 'exit_reason': 'no_signal'}, {'date': '2025-12-07', 'direction': 'SHORT', 'signal': -70.82233052131464, 'entry_price': 89283.3, 'exit_price': 89658.28986, 'gross_return': -0.0042, 'net_return': -0.005, 'exit_reason': 'stop', 'reward_multiple': 3.0, 'trail_active': False}, {'date': '2025-12-08', 'direction': 'FLAT', 'gross_return': 0.0, 'net_return': 0.0, 'exit_reason': 'no_signal'}, {'date': '2025-12-09', 'direction': 'SHORT', 'signal': -100.0, 'entry_price': 90602.2, 'exit_price': 90303.21274, 'gross_return': 0.0033, 'net_return': 0.0025, 'exit_reason': 'trail_stop', 'reward_multiple': 3.0, 'trail_active': True}, {'date': '2025-12-10', 'direction': 'FLAT', 'gross_return': 0.0, 'net_return': 0.0, 'exit_reason': 'no_signal'}, {'date': '2025-12-11', 'direction': 'SHORT', 'signal': -100.0, 'entry_price': 91966.8, 'exit_price': 91663.30956000001, 'gross_return': 0.0033, 'net_return': 0.0025, 'exit_reason': 'trail_stop', 'reward_multiple': 3.0, 'trail_active': True}, {'date': '2025-12-12', 'direction': 'SHORT', 'signal': -100.0, 'entry_price': 92416.2, 'exit_price': 91862.081, 'gross_return': 0.005995907643897906, 'net_return': 0.005195907643897906, 'exit_reason': 'trail_stop', 'reward_multiple': 3.0, 'trail_active': True}, {'date': '2025-12-13', 'direction': 'SHORT', 'signal': -27.410549366299374, 'entry_price': 90363.7, 'exit_price': 90065.49979, 'gross_return': 0.0033, 'net_return': 0.0025, 'exit_reason': 'trail_stop', 'reward_multiple': 3.0, 'trail_active': True}, {'date': '2025-12-14', 'direction': 'FLAT', 'gross_return': 0.0, 'net_return': 0.0, 'exit_reason': 'no_signal'}, {'date': '2025-12-15', 'direction': 'SHORT', 'signal': -100.0, 'entry_price': 88257.0, 'exit_price': 88627.6794, 'gross_return': -0.0042, 'net_return': -0.005, 'exit_reason': 'stop', 'reward_multiple': 3.0, 'trail_active': False}, {'date': '2025-12-16', 'direction': 'LONG', 'signal': 66.93196317826431, 'entry_price': 86412.3, 'exit_price': 86049.36834, 'gross_return': -0.0042, 'net_return': -0.005, 'exit_reason': 'stop', 'reward_multiple': 3.0, 'trail_active': False}, {'date': '2025-12-17', 'direction': 'SHORT', 'signal': -34.58432778438312, 'entry_price': 87570.5, 'exit_price': 87281.51735000001, 'gross_return': 0.0033, 'net_return': 0.0025, 'exit_reason': 'trail_stop', 'reward_multiple': 3.0, 'trail_active': True}, {'date': '2025-12-18', 'direction': 'FLAT', 'gross_return': 0.0, 'net_return': 0.0, 'exit_reason': 'no_signal'}, {'date': '2025-12-19', 'direction': 'FLAT', 'gross_return': 0.0, 'net_return': 0.0, 'exit_reason': 'no_signal'}, {'date': '2025-12-20', 'direction': 'SHORT', 'signal': -100.0, 'entry_price': 88046.9, 'exit_price': 88416.69698, 'gross_return': -0.0042, 'net_return': -0.005, 'exit_reason': 'stop', 'reward_multiple': 3.0, 'trail_active': False}, {'date': '2025-12-21', 'direction': 'FLAT', 'gross_return': 0.0, 'net_return': 0.0, 'exit_reason': 'no_signal'}, {'date': '2025-12-22', 'direction': 'FLAT', 'gross_return': 0.0, 'net_return': 0.0, 'exit_reason': 'no_signal'}, {'date': '2025-12-23', 'direction': 'LONG', 'signal': 100.0, 'entry_price': 88463.7, 'exit_price': 88092.15246, 'gross_return': -0.0042, 'net_return': -0.005, 'exit_reason': 'stop', 'reward_multiple': 3.0, 'trail_active': False}, {'date': '2025-12-24', 'direction': 'FLAT', 'gross_return': 0.0, 'net_return': 0.0, 'exit_reason': 'no_signal'}, {'date': '2025-12-25', 'direction': 'SHORT', 'signal': -46.85955793374419, 'entry_price': 87579.6, 'exit_price': 87947.43432, 'gross_return': -0.0042, 'net_return': -0.005, 'exit_reason': 'stop', 'reward_multiple': 3.0, 'trail_active': False}, {'date': '2025-12-26', 'direction': 'LONG', 'signal': 11.773572227555817, 'entry_price': 87211.2, 'exit_price': 86844.91296, 'gross_return': -0.0042, 'net_return': -0.005, 'exit_reason': 'stop', 'reward_multiple': 3.0, 'trail_active': False}, {'date': '2025-12-27', 'direction': 'FLAT', 'gross_return': 0.0, 'net_return': 0.0, 'exit_reason': 'no_signal'}, {'date': '2025-12-28', 'direction': 'FLAT', 'gross_return': 0.0, 'net_return': 0.0, 'exit_reason': 'no_signal'}, {'date': '2025-12-29', 'direction': 'LONG', 'signal': 56.442596747725624, 'entry_price': 87835.4, 'exit_price': 88125.25682, 'gross_return': 0.0033, 'net_return': 0.0025, 'exit_reason': 'trail_stop', 'reward_multiple': 3.0, 'trail_active': True}, {'date': '2025-12-30', 'direction': 'SHORT', 'signal': -100.0, 'entry_price': 87233.3, 'exit_price': 87599.67986, 'gross_return': -0.0042, 'net_return': -0.005, 'exit_reason': 'stop', 'reward_multiple': 3.0, 'trail_active': False}, {'date': '2025-12-31', 'direction': 'LONG', 'signal': 64.22876162547861, 'entry_price': 88383.8, 'exit_price': 88750.88100000001, 'gross_return': 0.004153261117987643, 'net_return': 0.0033532611179876433, 'exit_reason': 'trail_stop', 'reward_multiple': 3.0, 'trail_active': True}, {'date': '2026-01-01', 'direction': 'LONG', 'signal': 100.0, 'entry_price': 87671.6, 'exit_price': 88037.44200000001, 'gross_return': 0.004172867838615817, 'net_return': 0.003372867838615817, 'exit_reason': 'trail_stop', 'reward_multiple': 3.0, 'trail_active': True}, {'date': '2026-01-02', 'direction': 'LONG', 'signal': 97.22399799809091, 'entry_price': 88667.3, 'exit_price': 89456.66350000001, 'gross_return': 0.008902532275145373, 'net_return': 0.008102532275145373, 'exit_reason': 'trail_stop', 'reward_multiple': 3.0, 'trail_active': True}, {'date': '2026-01-03', 'direction': 'SHORT', 'signal': -100.0, 'entry_price': 89992.9, 'exit_price': 90370.87018, 'gross_return': -0.0042, 'net_return': -0.005, 'exit_reason': 'stop', 'reward_multiple': 3.0, 'trail_active': False}, {'date': '2026-01-04', 'direction': 'LONG', 'signal': 4.36937770449838, 'entry_price': 90898.5, 'exit_price': 91198.46505000001, 'gross_return': 0.0033, 'net_return': 0.0025, 'exit_reason': 'trail_stop', 'reward_multiple': 3.0, 'trail_active': True}, {'date': '2026-01-05', 'direction': 'LONG', 'signal': 100.0, 'entry_price': 91802.8, 'exit_price': 92444.28600000001, 'gross_return': 0.006987651792755738, 'net_return': 0.0061876517927557375, 'exit_reason': 'trail_stop', 'reward_multiple': 3.0, 'trail_active': True}, {'date': '2026-01-06', 'direction': 'SHORT', 'signal': -20.423432680268917, 'entry_price': 93933.9, 'exit_price': 93557.6695, 'gross_return': 0.004005268598450522, 'net_return': 0.003205268598450522, 'exit_reason': 'trail_stop', 'reward_multiple': 3.0, 'trail_active': True}, {'date': '2026-01-07', 'direction': 'SHORT', 'signal': -100.0, 'entry_price': 93562.8, 'exit_price': 92670.71399999999, 'gross_return': 0.009534622734676649, 'net_return': 0.008734622734676649, 'exit_reason': 'trail_stop', 'reward_multiple': 3.0, 'trail_active': True}, {'date': '2026-01-08', 'direction': 'FLAT', 'gross_return': 0.0, 'net_return': 0.0, 'exit_reason': 'no_signal'}, {'date': '2026-01-09', 'direction': 'FLAT', 'gross_return': 0.0, 'net_return': 0.0, 'exit_reason': 'no_signal'}, {'date': '2026-01-10', 'direction': 'FLAT', 'gross_return': 0.0, 'net_return': 0.0, 'exit_reason': 'no_signal'}, {'date': '2026-01-11', 'direction': 'LONG', 'signal': 100.0, 'entry_price': 90428.1, 'exit_price': 90726.51273000002, 'gross_return': 0.0033, 'net_return': 0.0025, 'exit_reason': 'trail_stop', 'reward_multiple': 3.0, 'trail_active': True}, {'date': '2026-01-12', 'direction': 'FLAT', 'gross_return': 0.0, 'net_return': 0.0, 'exit_reason': 'no_signal'}, {'date': '2026-01-13', 'direction': 'FLAT', 'gross_return': 0.0, 'net_return': 0.0, 'exit_reason': 'no_signal'}, {'date': '2026-01-14', 'direction': 'LONG', 'signal': 100.0, 'entry_price': 95435.2, 'exit_price': 95034.37216, 'gross_return': -0.0042, 'net_return': -0.005, 'exit_reason': 'stop', 'reward_multiple': 3.0, 'trail_active': False}, {'date': '2026-01-15', 'direction': 'FLAT', 'gross_return': 0.0, 'net_return': 0.0, 'exit_reason': 'no_signal'}, {'date': '2026-01-16', 'direction': 'SHORT', 'signal': -100.0, 'entry_price': 95629.3, 'exit_price': 95313.72331, 'gross_return': 0.0033, 'net_return': 0.0025, 'exit_reason': 'trail_stop', 'reward_multiple': 3.0, 'trail_active': True}, {'date': '2026-01-17', 'direction': 'FLAT', 'gross_return': 0.0, 'net_return': 0.0, 'exit_reason': 'no_signal'}, {'date': '2026-01-18', 'direction': 'SHORT', 'signal': -100.0, 'entry_price': 95068.2, 'exit_price': 95467.48644, 'gross_return': -0.0042, 'net_return': -0.005, 'exit_reason': 'stop', 'reward_multiple': 3.0, 'trail_active': False}, {'date': '2026-01-19', 'direction': 'SHORT', 'signal': -100.0, 'entry_price': 92920.4, 'exit_price': 92613.76268, 'gross_return': 0.0033, 'net_return': 0.0025, 'exit_reason': 'trail_stop', 'reward_multiple': 3.0, 'trail_active': True}, {'date': '2026-01-20', 'direction': 'LONG', 'signal': 43.70981787347369, 'entry_price': 92732.6, 'exit_price': 92343.12308, 'gross_return': -0.0042, 'net_return': -0.005, 'exit_reason': 'stop', 'reward_multiple': 3.0, 'trail_active': False}, {'date': '2026-01-21', 'direction': 'FLAT', 'gross_return': 0.0, 'net_return': 0.0, 'exit_reason': 'no_signal'}, {'date': '2026-01-22', 'direction': 'FLAT', 'gross_return': 0.0, 'net_return': 0.0, 'exit_reason': 'no_signal'}, {'date': '2026-01-23', 'direction': 'LONG', 'signal': 100.0, 'entry_price': 89456.1, 'exit_price': 89751.30513000001, 'gross_return': 0.0033, 'net_return': 0.0025, 'exit_reason': 'trail_stop', 'reward_multiple': 3.0, 'trail_active': True}, {'date': '2026-01-24', 'direction': 'LONG', 'signal': 100.0, 'entry_price': 89542.4, 'exit_price': 89166.32192, 'gross_return': -0.0042, 'net_return': -0.005, 'exit_reason': 'stop', 'reward_multiple': 3.0, 'trail_active': False}, {'date': '2026-01-25', 'direction': 'SHORT', 'signal': -100.0, 'entry_price': 89204.3, 'exit_price': 88530.0215, 'gross_return': 0.007558811626793842, 'net_return': 0.006758811626793842, 'exit_reason': 'trail_stop', 'reward_multiple': 3.0, 'trail_active': True}, {'date': '2026-01-26', 'direction': 'LONG', 'signal': 100.0, 'entry_price': 86711.7, 'exit_price': 87343.4415, 'gross_return': 0.007285539321683192, 'net_return': 0.006485539321683192, 'exit_reason': 'trail_stop', 'reward_multiple': 3.0, 'trail_active': True}, {'date': '2026-01-27', 'direction': 'FLAT', 'gross_return': 0.0, 'net_return': 0.0, 'exit_reason': 'no_signal'}, {'date': '2026-01-28', 'direction': 'LONG', 'signal': 100.0, 'entry_price': 89137.5, 'exit_price': 89431.65375000001, 'gross_return': 0.0033, 'net_return': 0.0025, 'exit_reason': 'trail_stop', 'reward_multiple': 3.0, 'trail_active': True}, {'date': '2026-01-29', 'direction': 'LONG', 'signal': 53.91374446244242, 'entry_price': 89105.0, 'exit_price': 88730.759, 'gross_return': -0.0042, 'net_return': -0.005, 'exit_reason': 'stop', 'reward_multiple': 3.0, 'trail_active': False}, {'date': '2026-01-30', 'direction': 'SHORT', 'signal': -100.0, 'entry_price': 84685.7, 'exit_price': 84406.23719, 'gross_return': 0.0033, 'net_return': 0.0025, 'exit_reason': 'trail_stop', 'reward_multiple': 3.0, 'trail_active': True}, {'date': '2026-01-31', 'direction': 'FLAT', 'gross_return': 0.0, 'net_return': 0.0, 'exit_reason': 'no_signal'}, {'date': '2026-02-01', 'direction': 'FLAT', 'gross_return': 0.0, 'net_return': 0.0, 'exit_reason': 'no_signal'}, {'date': '2026-02-02', 'direction': 'LONG', 'signal': 100.0, 'entry_price': 76771.4, 'exit_price': 77066.14300000001, 'gross_return': 0.0038392291921211007, 'net_return': 0.0030392291921211008, 'exit_reason': 'trail_stop', 'reward_multiple': 3.0, 'trail_active': True}, {'date': '2026-02-03', 'direction': 'FLAT', 'gross_return': 0.0, 'net_return': 0.0, 'exit_reason': 'no_signal'}, {'date': '2026-02-04', 'direction': 'SHORT', 'signal': -100.0, 'entry_price': 75614.2, 'exit_price': 75931.77964, 'gross_return': -0.0042, 'net_return': -0.005, 'exit_reason': 'stop', 'reward_multiple': 3.0, 'trail_active': False}, {'date': '2026-02-05', 'direction': 'SHORT', 'signal': -100.0, 'entry_price': 73038.0, 'exit_price': 72796.9746, 'gross_return': 0.0033, 'net_return': 0.0025, 'exit_reason': 'trail_stop', 'reward_multiple': 3.0, 'trail_active': True}, {'date': '2026-02-06', 'direction': 'FLAT', 'gross_return': 0.0, 'net_return': 0.0, 'exit_reason': 'no_signal'}, {'date': '2026-02-07', 'direction': 'LONG', 'signal': 14.603343408547087, 'entry_price': 70216.8, 'exit_price': 69921.88944, 'gross_return': -0.0042, 'net_return': -0.005, 'exit_reason': 'stop', 'reward_multiple': 3.0, 'trail_active': False}, {'date': '2026-02-08', 'direction': 'LONG', 'signal': 100.0, 'entry_price': 69346.5, 'exit_price': 69055.2447, 'gross_return': -0.0042, 'net_return': -0.005, 'exit_reason': 'stop', 'reward_multiple': 3.0, 'trail_active': False}, {'date': '2026-02-09', 'direction': 'LONG', 'signal': 100.0, 'entry_price': 70389.6, 'exit_price': 70093.96368, 'gross_return': -0.0042, 'net_return': -0.005, 'exit_reason': 'stop', 'reward_multiple': 3.0, 'trail_active': False}, {'date': '2026-02-10', 'direction': 'FLAT', 'gross_return': 0.0, 'net_return': 0.0, 'exit_reason': 'no_signal'}, {'date': '2026-02-11', 'direction': 'LONG', 'signal': 100.0, 'entry_price': 68782.9, 'exit_price': 69009.88357, 'gross_return': 0.0033, 'net_return': 0.0025, 'exit_reason': 'trail_stop', 'reward_multiple': 3.0, 'trail_active': True}, {'date': '2026-02-12', 'direction': 'LONG', 'signal': 100.0, 'entry_price': 67074.9, 'exit_price': 67685.6255, 'gross_return': 0.009105127253264626, 'net_return': 0.008305127253264625, 'exit_reason': 'trail_stop', 'reward_multiple': 3.0, 'trail_active': True}, {'date': '2026-02-13', 'direction': 'LONG', 'signal': 70.85207593821217, 'entry_price': 66422.3, 'exit_price': 66143.32634, 'gross_return': -0.0042, 'net_return': -0.005, 'exit_reason': 'stop', 'reward_multiple': 3.0, 'trail_active': False}, {'date': '2026-02-14', 'direction': 'SHORT', 'signal': -100.0, 'entry_price': 68850.4, 'exit_price': 69139.57168, 'gross_return': -0.0042, 'net_return': -0.005, 'exit_reason': 'stop', 'reward_multiple': 3.0, 'trail_active': False}, {'date': '2026-02-15', 'direction': 'LONG', 'signal': 81.06847726395347, 'entry_price': 69782.1, 'exit_price': 69489.01518, 'gross_return': -0.0042, 'net_return': -0.005, 'exit_reason': 'stop', 'reward_multiple': 3.0, 'trail_active': False}, {'date': '2026-02-16', 'direction': 'FLAT', 'gross_return': 0.0, 'net_return': 0.0, 'exit_reason': 'no_signal'}, {'date': '2026-02-17', 'direction': 'SHORT', 'signal': -100.0, 'entry_price': 68796.1, 'exit_price': 68569.07287, 'gross_return': 0.0033, 'net_return': 0.0025, 'exit_reason': 'trail_stop', 'reward_multiple': 3.0, 'trail_active': True}, {'date': '2026-02-18', 'direction': 'LONG', 'signal': 100.0, 'entry_price': 67505.7, 'exit_price': 67222.17606, 'gross_return': -0.0042, 'net_return': -0.005, 'exit_reason': 'stop', 'reward_multiple': 3.0, 'trail_active': False}, {'date': '2026-02-19', 'direction': 'FLAT', 'gross_return': 0.0, 'net_return': 0.0, 'exit_reason': 'no_signal'}, {'date': '2026-02-20', 'direction': 'LONG', 'signal': 100.0, 'entry_price': 66929.9, 'exit_price': 67155.3505, 'gross_return': 0.0033684571469553325, 'net_return': 0.0025684571469553326, 'exit_reason': 'trail_stop', 'reward_multiple': 3.0, 'trail_active': True}, {'date': '2026-02-21', 'direction': 'SHORT', 'signal': -5.929881034860864, 'entry_price': 67977.5, 'exit_price': 67753.17425, 'gross_return': 0.0033, 'net_return': 0.0025, 'exit_reason': 'trail_stop', 'reward_multiple': 3.0, 'trail_active': True}, {'date': '2026-02-22', 'direction': 'LONG', 'signal': 100.0, 'entry_price': 67991.6, 'exit_price': 67706.03528000001, 'gross_return': -0.0042, 'net_return': -0.005, 'exit_reason': 'stop', 'reward_multiple': 3.0, 'trail_active': False}, {'date': '2026-02-23', 'direction': 'LONG', 'signal': 100.0, 'entry_price': 67582.1, 'exit_price': 67298.25518000001, 'gross_return': -0.0042, 'net_return': -0.005, 'exit_reason': 'stop', 'reward_multiple': 3.0, 'trail_active': False}, {'date': '2026-02-24', 'direction': 'SHORT', 'signal': -100.0, 'entry_price': 64669.3, 'exit_price': 64940.91106, 'gross_return': -0.0042, 'net_return': -0.005, 'exit_reason': 'stop', 'reward_multiple': 3.0, 'trail_active': False}, {'date': '2026-02-25', 'direction': 'LONG', 'signal': 100.0, 'entry_price': 64013.0, 'exit_price': 65602.13500000001, 'gross_return': 0.024825191757924196, 'net_return': 0.024025191757924197, 'exit_reason': 'trail_stop_and_target_same_bar', 'reward_multiple': 3.0, 'trail_active': True}, {'date': '2026-02-26', 'direction': 'LONG', 'signal': 44.10137058564259, 'entry_price': 67769.0, 'exit_price': 68165.45500000002, 'gross_return': 0.005850093700659702, 'net_return': 0.0050500937006597016, 'exit_reason': 'trail_stop', 'reward_multiple': 3.0, 'trail_active': True}, {'date': '2026-02-27', 'direction': 'LONG', 'signal': 100.0, 'entry_price': 67358.0, 'exit_price': 67075.0964, 'gross_return': -0.0042, 'net_return': -0.005, 'exit_reason': 'stop', 'reward_multiple': 3.0, 'trail_active': False}]"
2025-12-30 00:00:00+00:00,2026-03-30 00:00:00+00:00,-0.021473527958973615,56,-0.9837967341229078,-0.05179376468864405,97852.64720410264,"[100000.          99500.          99833.64948124 100170.37518679
 100982.00888475 100477.09884033 100728.29158743 101351.56318145
 101676.42216432 102564.52735294 102564.52735294 102564.52735294
 102564.52735294 102820.93867132 102820.93867132 102820.93867132
 102306.83397796 102306.83397796 102562.60106291 102562.60106291
 102049.78805759 102304.91252774 101793.3879651  101793.3879651
 101793.3879651  102047.87143501 101537.63207784 102223.90580608
 102886.8829668  102886.8829668  103144.10017422 102628.37967335
 102884.95062253 102884.95062253 102884.95062253 103197.64156789
 103197.64156789 102681.65336005 102938.35749345 102938.35749345
 102423.66570599 101911.54737746 101401.98964057 101401.98964057
 101655.49461467 102499.75643344 101987.25765127 101477.32136302
 100969.9347562  100969.9347562  101222.35959309 100716.24779513
 100716.24779513 100974.93316159 101227.37049449 100721.23364202
 100217.62747381  99716.53933644 102112.24831544 102627.92473741
 102114.78511373 102114.78511373 102114.78511373 102114.78511373
 102114.78511373 102114.78511373 102114.78511373 101604.21118816
 101604.21118816 101604.21118816 101604.21118816 101604.21118816
 101096.19013222 101096.19013222 100590.70918156 100590.70918156
 100087.75563565 100087.75563565 100087.75563565  99587.31685747
  99089.38027318  99337.10372387  99337.10372387  98840.41820525
  99087.51925076  99087.51925076  99087.51925076  98592.08165451
  98099.12124623  98344.36904935  97852.6472041   97852.6472041 ]","[-0.005       0.00335326  0.00337287  0.00810253 -0.005       0.0025
  0.00618765  0.00320527  0.00873462  0.          0.          0.
  0.0025      0.          0.         -0.005       0.          0.0025
  0.         -0.005       0.0025     -0.005       0.          0.
  0.0025     -0.005       0.00675881  0.00648554  0.          0.0025
 -0.005       0.0025      0.          0.          0.00303923  0.
 -0.005       0.0025      0.         -0.005      -0.005      -0.005
  0.          0.0025      0.00830513 -0.005      -0.005      -0.005
  0.          0.0025     -0.005       0.          0.00256846  0.0025
 -0.005      -0.005      -0.005       0.02402519  0.00505009 -0.005
  0.          0.          0.          0.          0.          0.
 -0.005       0.          0.          0.          0.         -0.005
  0.         -0.005       0.         -0.005       0.          0.
 -0.005      -0.005       0.0025      0.         -0.005       0.0025
  0.          0.         -0.005      -0.005       0.0025     -0.005
  0.        ]","{'daily_returns': array([-0.005     ,  0.00335326,  0.00337287,  0.00810253, -0.005     ,
        0.0025    ,  0.00618765,  0.00320527,  0.00873462,  0.        ,
        0.        ,  0.        ,  0.0025    ,  0.        ,  0.        ,
       -0.005     ,  0.        ,  0.0025    ,  0.        , -0.005     ,
        0.0025    , -0.005     ,  0.        ,  0.        ,  0.0025    ,
       -0.005     ,  0.00675881,  0.00648554,  0.        ,  0.0025    ,
       -0.005     ,  0.0025    ,  0.        ,  0.        ,  0.00303923,
        0.        , -0.005     ,  0.0025    ,  0.        , -0.005     ,
       -0.005     , -0.005     ,  0.        ,  0.0025    ,  0.00830513,
       -0.005     , -0.005     , -0.005     ,  0.        ,  0.0025    ,
       -0.005     ,  0.        ,  0.00256846,  0.0025    , -0.005     ,
       -0.005     , -0.005     ,  0.02402519,  0.00505009, -0.005     ,
        0.        ,  0.        ,  0.        ,  0.        ,  0.        ,
        0.        , -0.005     ,  0.        ,  0.        ,  0.        ,
        0.        , -0.005     ,  0.        , -0.005     ,  0.        ,
       -0.005     ,  0.        ,  0.        , -0.005     , -0.005     ,
        0.0025    ,  0.        , -0.005     ,  0.0025    ,  0.        ,
        0.        , -0.005     , -0.005     ,  0.0025    , -0.005     ,
        0.        ]), 'avg_daily_return': -0.00022869610596666244, 'median_daily_return': 0.0, 'daily_win_rate': 0.2967032967032967, 'daily_target_hit_rate': 0.08791208791208792, 'daily_shortfall_sum': 0.5094609161058696, 'daily_shortfall_mean': 0.005598471605559007, 'daily_excess_sum': 0.03364957046290332, 'worst_day': -0.005, 'best_day': 0.024025191757924197, 'cvar_alpha': 0.1, 'cvar': -0.004999999999999999, 'max_loss_breach_rate': 0.31868131868131866}","{'n_months': 4, 'month_labels': ['2025-12', '2026-01', '2026-02', '2026-03'], 'month_days': [2, 31, 28, 30], 'monthly_returns': array([-0.00166351,  0.03056385, -0.0074857 , -0.0417387 ]), 'monthly_avg_daily_returns': array([-0.00082337,  0.00097894, -0.00025043, -0.00141667]), 'target_monthly_returns': array([0.010025  , 0.16720708, 0.14987261, 0.16140008]), 'monthly_target_hit_rate': 0.0, 'monthly_avg_daily_target_hit_rate': 0.0, 'monthly_shortfall_sum': 0.5088288186511818, 'monthly_shortfall_mean': 0.12720720466279545, 'worst_month': -0.04173869537969277, 'best_month': 0.0305638545435003, 'avg_monthly_return': -0.005081010616432846}",0.2967032967032967,0.08791208791208792,3.0,"[{'date': '2025-12-30', 'direction': 'SHORT', 'signal': -100.0, 'entry_price': 87233.3, 'exit_price': 87599.67986, 'gross_return': -0.0042, 'net_return': -0.005, 'exit_reason': 'stop', 'reward_multiple': 3.0, 'trail_active': False}, {'date': '2025-12-31', 'direction': 'LONG', 'signal': 64.22876162547861, 'entry_price': 88383.8, 'exit_price': 88750.88100000001, 'gross_return': 0.004153261117987643, 'net_return': 0.0033532611179876433, 'exit_reason': 'trail_stop', 'reward_multiple': 3.0, 'trail_active': True}, {'date': '2026-01-01', 'direction': 'LONG', 'signal': 100.0, 'entry_price': 87671.6, 'exit_price': 88037.44200000001, 'gross_return': 0.004172867838615817, 'net_return': 0.003372867838615817, 'exit_reason': 'trail_stop', 'reward_multiple': 3.0, 'trail_active': True}, {'date': '2026-01-02', 'direction': 'LONG', 'signal': 97.22399799809091, 'entry_price': 88667.3, 'exit_price': 89456.66350000001, 'gross_return': 0.008902532275145373, 'net_return': 0.008102532275145373, 'exit_reason': 'trail_stop', 'reward_multiple': 3.0, 'trail_active': True}, {'date': '2026-01-03', 'direction': 'SHORT', 'signal': -100.0, 'entry_price': 89992.9, 'exit_price': 90370.87018, 'gross_return': -0.0042, 'net_return': -0.005, 'exit_reason': 'stop', 'reward_multiple': 3.0, 'trail_active': False}, {'date': '2026-01-04', 'direction': 'LONG', 'signal': 4.36937770449838, 'entry_price': 90898.5, 'exit_price': 91198.46505000001, 'gross_return': 0.0033, 'net_return': 0.0025, 'exit_reason': 'trail_stop', 'reward_multiple': 3.0, 'trail_active': True}, {'date': '2026-01-05', 'direction': 'LONG', 'signal': 100.0, 'entry_price': 91802.8, 'exit_price': 92444.28600000001, 'gross_return': 0.006987651792755738, 'net_return': 0.0061876517927557375, 'exit_reason': 'trail_stop', 'reward_multiple': 3.0, 'trail_active': True}, {'date': '2026-01-06', 'direction': 'SHORT', 'signal': -20.423432680268917, 'entry_price': 93933.9, 'exit_price': 93557.6695, 'gross_return': 0.004005268598450522, 'net_return': 0.003205268598450522, 'exit_reason': 'trail_stop', 'reward_multiple': 3.0, 'trail_active': True}, {'date': '2026-01-07', 'direction': 'SHORT', 'signal': -100.0, 'entry_price': 93562.8, 'exit_price': 92670.71399999999, 'gross_return': 0.009534622734676649, 'net_return': 0.008734622734676649, 'exit_reason': 'trail_stop', 'reward_multiple': 3.0, 'trail_active': True}, {'date': '2026-01-08', 'direction': 'FLAT', 'gross_return': 0.0, 'net_return': 0.0, 'exit_reason': 'no_signal'}, {'date': '2026-01-09', 'direction': 'FLAT', 'gross_return': 0.0, 'net_return': 0.0, 'exit_reason': 'no_signal'}, {'date': '2026-01-10', 'direction': 'FLAT', 'gross_return': 0.0, 'net_return': 0.0, 'exit_reason': 'no_signal'}, {'date': '2026-01-11', 'direction': 'LONG', 'signal': 100.0, 'entry_price': 90428.1, 'exit_price': 90726.51273000002, 'gross_return': 0.0033, 'net_return': 0.0025, 'exit_reason': 'trail_stop', 'reward_multiple': 3.0, 'trail_active': True}, {'date': '2026-01-12', 'direction': 'FLAT', 'gross_return': 0.0, 'net_return': 0.0, 'exit_reason': 'no_signal'}, {'date': '2026-01-13', 'direction': 'FLAT', 'gross_return': 0.0, 'net_return': 0.0, 'exit_reason': 'no_signal'}, {'date': '2026-01-14', 'direction': 'LONG', 'signal': 100.0, 'entry_price': 95435.2, 'exit_price': 95034.37216, 'gross_return': -0.0042, 'net_return': -0.005, 'exit_reason': 'stop', 'reward_multiple': 3.0, 'trail_active': False}, {'date': '2026-01-15', 'direction': 'FLAT', 'gross_return': 0.0, 'net_return': 0.0, 'exit_reason': 'no_signal'}, {'date': '2026-01-16', 'direction': 'SHORT', 'signal': -100.0, 'entry_price': 95629.3, 'exit_price': 95313.72331, 'gross_return': 0.0033, 'net_return': 0.0025, 'exit_reason': 'trail_stop', 'reward_multiple': 3.0, 'trail_active': True}, {'date': '2026-01-17', 'direction': 'FLAT', 'gross_return': 0.0, 'net_return': 0.0, 'exit_reason': 'no_signal'}, {'date': '2026-01-18', 'direction': 'SHORT', 'signal': -100.0, 'entry_price': 95068.2, 'exit_price': 95467.48644, 'gross_return': -0.0042, 'net_return': -0.005, 'exit_reason': 'stop', 'reward_multiple': 3.0, 'trail_active': False}, {'date': '2026-01-19', 'direction': 'SHORT', 'signal': -100.0, 'entry_price': 92920.4, 'exit_price': 92613.76268, 'gross_return': 0.0033, 'net_return': 0.0025, 'exit_reason': 'trail_stop', 'reward_multiple': 3.0, 'trail_active': True}, {'date': '2026-01-20', 'direction': 'LONG', 'signal': 43.70981787347369, 'entry_price': 92732.6, 'exit_price': 92343.12308, 'gross_return': -0.0042, 'net_return': -0.005, 'exit_reason': 'stop', 'reward_multiple': 3.0, 'trail_active': False}, {'date': '2026-01-21', 'direction': 'FLAT', 'gross_return': 0.0, 'net_return': 0.0, 'exit_reason': 'no_signal'}, {'date': '2026-01-22', 'direction': 'FLAT', 'gross_return': 0.0, 'net_return': 0.0, 'exit_reason': 'no_signal'}, {'date': '2026-01-23', 'direction': 'LONG', 'signal': 100.0, 'entry_price': 89456.1, 'exit_price': 89751.30513000001, 'gross_return': 0.0033, 'net_return': 0.0025, 'exit_reason': 'trail_stop', 'reward_multiple': 3.0, 'trail_active': True}, {'date': '2026-01-24', 'direction': 'LONG', 'signal': 100.0, 'entry_price': 89542.4, 'exit_price': 89166.32192, 'gross_return': -0.0042, 'net_return': -0.005, 'exit_reason': 'stop', 'reward_multiple': 3.0, 'trail_active': False}, {'date': '2026-01-25', 'direction': 'SHORT', 'signal': -100.0, 'entry_price': 89204.3, 'exit_price': 88530.0215, 'gross_return': 0.007558811626793842, 'net_return': 0.006758811626793842, 'exit_reason': 'trail_stop', 'reward_multiple': 3.0, 'trail_active': True}, {'date': '2026-01-26', 'direction': 'LONG', 'signal': 100.0, 'entry_price': 86711.7, 'exit_price': 87343.4415, 'gross_return': 0.007285539321683192, 'net_return': 0.006485539321683192, 'exit_reason': 'trail_stop', 'reward_multiple': 3.0, 'trail_active': True}, {'date': '2026-01-27', 'direction': 'FLAT', 'gross_return': 0.0, 'net_return': 0.0, 'exit_reason': 'no_signal'}, {'date': '2026-01-28', 'direction': 'LONG', 'signal': 100.0, 'entry_price': 89137.5, 'exit_price': 89431.65375000001, 'gross_return': 0.0033, 'net_return': 0.0025, 'exit_reason': 'trail_stop', 'reward_multiple': 3.0, 'trail_active': True}, {'date': '2026-01-29', 'direction': 'LONG', 'signal': 53.91374446244242, 'entry_price': 89105.0, 'exit_price': 88730.759, 'gross_return': -0.0042, 'net_return': -0.005, 'exit_reason': 'stop', 'reward_multiple': 3.0, 'trail_active': False}, {'date': '2026-01-30', 'direction': 'SHORT', 'signal': -100.0, 'entry_price': 84685.7, 'exit_price': 84406.23719, 'gross_return': 0.0033, 'net_return': 0.0025, 'exit_reason': 'trail_stop', 'reward_multiple': 3.0, 'trail_active': True}, {'date': '2026-01-31', 'direction': 'FLAT', 'gross_return': 0.0, 'net_return': 0.0, 'exit_reason': 'no_signal'}, {'date': '2026-02-01', 'direction': 'FLAT', 'gross_return': 0.0, 'net_return': 0.0, 'exit_reason': 'no_signal'}, {'date': '2026-02-02', 'direction': 'LONG', 'signal': 100.0, 'entry_price': 76771.4, 'exit_price': 77066.14300000001, 'gross_return': 0.0038392291921211007, 'net_return': 0.0030392291921211008, 'exit_reason': 'trail_stop', 'reward_multiple': 3.0, 'trail_active': True}, {'date': '2026-02-03', 'direction': 'FLAT', 'gross_return': 0.0, 'net_return': 0.0, 'exit_reason': 'no_signal'}, {'date': '2026-02-04', 'direction': 'SHORT', 'signal': -100.0, 'entry_price': 75614.2, 'exit_price': 75931.77964, 'gross_return': -0.0042, 'net_return': -0.005, 'exit_reason': 'stop', 'reward_multiple': 3.0, 'trail_active': False}, {'date': '2026-02-05', 'direction': 'SHORT', 'signal': -100.0, 'entry_price': 73038.0, 'exit_price': 72796.9746, 'gross_return': 0.0033, 'net_return': 0.0025, 'exit_reason': 'trail_stop', 'reward_multiple': 3.0, 'trail_active': True}, {'date': '2026-02-06', 'direction': 'FLAT', 'gross_return': 0.0, 'net_return': 0.0, 'exit_reason': 'no_signal'}, {'date': '2026-02-07', 'direction': 'LONG', 'signal': 14.603343408547087, 'entry_price': 70216.8, 'exit_price': 69921.88944, 'gross_return': -0.0042, 'net_return': -0.005, 'exit_reason': 'stop', 'reward_multiple': 3.0, 'trail_active': False}, {'date': '2026-02-08', 'direction': 'LONG', 'signal': 100.0, 'entry_price': 69346.5, 'exit_price': 69055.2447, 'gross_return': -0.0042, 'net_return': -0.005, 'exit_reason': 'stop', 'reward_multiple': 3.0, 'trail_active': False}, {'date': '2026-02-09', 'direction': 'LONG', 'signal': 100.0, 'entry_price': 70389.6, 'exit_price': 70093.96368, 'gross_return': -0.0042, 'net_return': -0.005, 'exit_reason': 'stop', 'reward_multiple': 3.0, 'trail_active': False}, {'date': '2026-02-10', 'direction': 'FLAT', 'gross_return': 0.0, 'net_return': 0.0, 'exit_reason': 'no_signal'}, {'date': '2026-02-11', 'direction': 'LONG', 'signal': 100.0, 'entry_price': 68782.9, 'exit_price': 69009.88357, 'gross_return': 0.0033, 'net_return': 0.0025, 'exit_reason': 'trail_stop', 'reward_multiple': 3.0, 'trail_active': True}, {'date': '2026-02-12', 'direction': 'LONG', 'signal': 100.0, 'entry_price': 67074.9, 'exit_price': 67685.6255, 'gross_return': 0.009105127253264626, 'net_return': 0.008305127253264625, 'exit_reason': 'trail_stop', 'reward_multiple': 3.0, 'trail_active': True}, {'date': '2026-02-13', 'direction': 'LONG', 'signal': 70.85207593821217, 'entry_price': 66422.3, 'exit_price': 66143.32634, 'gross_return': -0.0042, 'net_return': -0.005, 'exit_reason': 'stop', 'reward_multiple': 3.0, 'trail_active': False}, {'date': '2026-02-14', 'direction': 'SHORT', 'signal': -100.0, 'entry_price': 68850.4, 'exit_price': 69139.57168, 'gross_return': -0.0042, 'net_return': -0.005, 'exit_reason': 'stop', 'reward_multiple': 3.0, 'trail_active': False}, {'date': '2026-02-15', 'direction': 'LONG', 'signal': 81.06847726395347, 'entry_price': 69782.1, 'exit_price': 69489.01518, 'gross_return': -0.0042, 'net_return': -0.005, 'exit_reason': 'stop', 'reward_multiple': 3.0, 'trail_active': False}, {'date': '2026-02-16', 'direction': 'FLAT', 'gross_return': 0.0, 'net_return': 0.0, 'exit_reason': 'no_signal'}, {'date': '2026-02-17', 'direction': 'SHORT', 'signal': -100.0, 'entry_price': 68796.1, 'exit_price': 68569.07287, 'gross_return': 0.0033, 'net_return': 0.0025, 'exit_reason': 'trail_stop', 'reward_multiple': 3.0, 'trail_active': True}, {'date': '2026-02-18', 'direction': 'LONG', 'signal': 100.0, 'entry_price': 67505.7, 'exit_price': 67222.17606, 'gross_return': -0.0042, 'net_return': -0.005, 'exit_reason': 'stop', 'reward_multiple': 3.0, 'trail_active': False}, {'date': '2026-02-19', 'direction': 'FLAT', 'gross_return': 0.0, 'net_return': 0.0, 'exit_reason': 'no_signal'}, {'date': '2026-02-20', 'direction': 'LONG', 'signal': 100.0, 'entry_price': 66929.9, 'exit_price': 67155.3505, 'gross_return': 0.0033684571469553325, 'net_return': 0.0025684571469553326, 'exit_reason': 'trail_stop', 'reward_multiple': 3.0, 'trail_active': True}, {'date': '2026-02-21', 'direction': 'SHORT', 'signal': -5.929881034860864, 'entry_price': 67977.5, 'exit_price': 67753.17425, 'gross_return': 0.0033, 'net_return': 0.0025, 'exit_reason': 'trail_stop', 'reward_multiple': 3.0, 'trail_active': True}, {'date': '2026-02-22', 'direction': 'LONG', 'signal': 100.0, 'entry_price': 67991.6, 'exit_price': 67706.03528000001, 'gross_return': -0.0042, 'net_return': -0.005, 'exit_reason': 'stop', 'reward_multiple': 3.0, 'trail_active': False}, {'date': '2026-02-23', 'direction': 'LONG', 'signal': 100.0, 'entry_price': 67582.1, 'exit_price': 67298.25518000001, 'gross_return': -0.0042, 'net_return': -0.005, 'exit_reason': 'stop', 'reward_multiple': 3.0, 'trail_active': False}, {'date': '2026-02-24', 'direction': 'SHORT', 'signal': -100.0, 'entry_price': 64669.3, 'exit_price': 64940.91106, 'gross_return': -0.0042, 'net_return': -0.005, 'exit_reason': 'stop', 'reward_multiple': 3.0, 'trail_active': False}, {'date': '2026-02-25', 'direction': 'LONG', 'signal': 100.0, 'entry_price': 64013.0, 'exit_price': 65602.13500000001, 'gross_return': 0.024825191757924196, 'net_return': 0.024025191757924197, 'exit_reason': 'trail_stop_and_target_same_bar', 'reward_multiple': 3.0, 'trail_active': True}, {'date': '2026-02-26', 'direction': 'LONG', 'signal': 44.10137058564259, 'entry_price': 67769.0, 'exit_price': 68165.45500000002, 'gross_return': 0.005850093700659702, 'net_return': 0.0050500937006597016, 'exit_reason': 'trail_stop', 'reward_multiple': 3.0, 'trail_active': True}, {'date': '2026-02-27', 'direction': 'LONG', 'signal': 100.0, 'entry_price': 67358.0, 'exit_price': 67075.0964, 'gross_return': -0.0042, 'net_return': -0.005, 'exit_reason': 'stop', 'reward_multiple': 3.0, 'trail_active': False}, {'date': '2026-02-28', 'direction': 'FLAT', 'gross_return': 0.0, 'net_return': 0.0, 'exit_reason': 'no_signal'}, {'date': '2026-03-01', 'direction': 'FLAT', 'gross_return': 0.0, 'net_return': 0.0, 'exit_reason': 'no_signal'}, {'date': '2026-03-02', 'direction': 'FLAT', 'gross_return': 0.0, 'net_return': 0.0, 'exit_reason': 'no_signal'}, {'date': '2026-03-03', 'direction': 'FLAT', 'gross_return': 0.0, 'net_return': 0.0, 'exit_reason': 'no_signal'}, {'date': '2026-03-04', 'direction': 'FLAT', 'gross_return': 0.0, 'net_return': 0.0, 'exit_reason': 'no_signal'}, {'date': '2026-03-05', 'direction': 'FLAT', 'gross_return': 0.0, 'net_return': 0.0, 'exit_reason': 'no_signal'}, {'date': '2026-03-06', 'direction': 'LONG', 'signal': 100.0, 'entry_price': 70866.0, 'exit_price': 70568.3628, 'gross_return': -0.0042, 'net_return': -0.005, 'exit_reason': 'stop', 'reward_multiple': 3.0, 'trail_active': False}, {'date': '2026-03-07', 'direction': 'FLAT', 'gross_return': 0.0, 'net_return': 0.0, 'exit_reason': 'no_signal'}, {'date': '2026-03-08', 'direction': 'FLAT', 'gross_return': 0.0, 'net_return': 0.0, 'exit_reason': 'no_signal'}, {'date': '2026-03-09', 'direction': 'FLAT', 'gross_return': 0.0, 'net_return': 0.0, 'exit_reason': 'no_signal'}, {'date': '2026-03-10', 'direction': 'FLAT', 'gross_return': 0.0, 'net_return': 0.0, 'exit_reason': 'no_signal'}, {'date': '2026-03-11', 'direction': 'SHORT', 'signal': -98.72094061242863, 'entry_price': 69721.0, 'exit_price': 70013.8282, 'gross_return': -0.0042, 'net_return': -0.005, 'exit_reason': 'stop', 'reward_multiple': 3.0, 'trail_active': False}, {'date': '2026-03-12', 'direction': 'FLAT', 'gross_return': 0.0, 'net_return': 0.0, 'exit_reason': 'no_signal'}, {'date': '2026-03-13', 'direction': 'SHORT', 'signal': -100.0, 'entry_price': 70443.0, 'exit_price': 70738.8606, 'gross_return': -0.0042, 'net_return': -0.005, 'exit_reason': 'stop', 'reward_multiple': 3.0, 'trail_active': False}, {'date': '2026-03-14', 'direction': 'FLAT', 'gross_return': 0.0, 'net_return': 0.0, 'exit_reason': 'no_signal'}, {'date': '2026-03-15', 'direction': 'SHORT', 'signal': -100.0, 'entry_price': 71078.0, 'exit_price': 71376.5276, 'gross_return': -0.0042, 'net_return': -0.005, 'exit_reason': 'stop', 'reward_multiple': 3.0, 'trail_active': False}, {'date': '2026-03-16', 'direction': 'FLAT', 'gross_return': 0.0, 'net_return': 0.0, 'exit_reason': 'no_signal'}, {'date': '2026-03-17', 'direction': 'FLAT', 'gross_return': 0.0, 'net_return': 0.0, 'exit_reason': 'no_signal'}, {'date': '2026-03-18', 'direction': 'SHORT', 'signal': -4.940484131655678, 'entry_price': 73879.8, 'exit_price': 74190.09516, 'gross_return': -0.0042, 'net_return': -0.005, 'exit_reason': 'stop', 'reward_multiple': 3.0, 'trail_active': False}, {'date': '2026-03-19', 'direction': 'SHORT', 'signal': -100.0, 'entry_price': 71224.8, 'exit_price': 71523.94416, 'gross_return': -0.0042, 'net_return': -0.005, 'exit_reason': 'stop', 'reward_multiple': 3.0, 'trail_active': False}, {'date': '2026-03-20', 'direction': 'LONG', 'signal': 34.73641386248885, 'entry_price': 69808.9, 'exit_price': 70039.26937, 'gross_return': 0.0033, 'net_return': 0.0025, 'exit_reason': 'trail_stop', 'reward_multiple': 3.0, 'trail_active': True}, {'date': '2026-03-21', 'direction': 'FLAT', 'gross_return': 0.0, 'net_return': 0.0, 'exit_reason': 'no_signal'}, {'date': '2026-03-22', 'direction': 'SHORT', 'signal': -100.0, 'entry_price': 68408.0, 'exit_price': 68695.3136, 'gross_return': -0.0042, 'net_return': -0.005, 'exit_reason': 'stop', 'reward_multiple': 3.0, 'trail_active': False}, {'date': '2026-03-23', 'direction': 'SHORT', 'signal': -100.0, 'entry_price': 67927.3, 'exit_price': 67703.13991, 'gross_return': 0.0033, 'net_return': 0.0025, 'exit_reason': 'trail_stop', 'reward_multiple': 3.0, 'trail_active': True}, {'date': '2026-03-24', 'direction': 'FLAT', 'gross_return': 0.0, 'net_return': 0.0, 'exit_reason': 'no_signal'}, {'date': '2026-03-25', 'direction': 'FLAT', 'gross_return': 0.0, 'net_return': 0.0, 'exit_reason': 'no_signal'}, {'date': '2026-03-26', 'direction': 'LONG', 'signal': 100.0, 'entry_price': 71206.7, 'exit_price': 70907.63186, 'gross_return': -0.0042, 'net_return': -0.005, 'exit_reason': 'stop', 'reward_multiple': 3.0, 'trail_active': False}, {'date': '2026-03-27', 'direction': 'LONG', 'signal': 100.0, 'entry_price': 68752.9, 'exit_price': 68464.13781999999, 'gross_return': -0.0042, 'net_return': -0.005, 'exit_reason': 'stop', 'reward_multiple': 3.0, 'trail_active': False}, {'date': '2026-03-28', 'direction': 'SHORT', 'signal': -100.0, 'entry_price': 66414.8, 'exit_price': 66195.63116, 'gross_return': 0.0033, 'net_return': 0.0025, 'exit_reason': 'trail_stop', 'reward_multiple': 3.0, 'trail_active': True}, {'date': '2026-03-29', 'direction': 'SHORT', 'signal': -48.47329808647738, 'entry_price': 66430.7, 'exit_price': 66709.70894, 'gross_return': -0.0042, 'net_return': -0.005, 'exit_reason': 'stop', 'reward_multiple': 3.0, 'trail_active': False}]"
